{
  "resourceType": "ValueSet",
  "text": {
    "status": "generated",
    "div": "<div><h2>ConceptMapEquivalence</h2><p>The degree of equivalence between concepts</p><p>This value set defines its own terms in the system http://hl7.org/fhir/concept-equivalence</p><table><tr><td><b>Code</b></td><td><b>Display</b></td><td><b>Definition</b></td></tr><tr><td>equal<a name=\"equal\"> </a></td><td/><td>The definitions of the concepts are exactly the same (i.e. only grammatical differences) and structural implications of meaning are identifical or irrelevant (i.e. intensionally identical).</td></tr><tr><td>equivalent<a name=\"equivalent\"> </a></td><td/><td>The definitions of the concepts mean the same thing (including when structural implications of meaning are considered) (i.e. extensionally identical).</td></tr><tr><td>wider<a name=\"wider\"> </a></td><td/><td>The target mapping is wider in meaning than the source concept.</td></tr><tr><td>..subsumes<a name=\"subsumes\"> </a></td><td/><td>The target mapping subsumes the meaning of the source concept (e.g. the source is-a target).</td></tr><tr><td>narrower<a name=\"narrower\"> </a></td><td/><td>The target mapping is narrower in meaning that the source concept. The sense in which the mapping is narrower SHALL be described in the comments in this case, and applications should be careful when atempting to use these mappings operationally.</td></tr><tr><td>..specialises<a name=\"specialises\"> </a></td><td/><td>The target mapping specialises the meaning of the source concept (e.g. the target is-a source).</td></tr><tr><td>inexact<a name=\"inexact\"> </a></td><td/><td>The target mapping overlaps with the source concept, but both source and target cover additional meaning. The sense in which the mapping is narrower SHALL be described in the comments in this case, and applications should be careful when atempting to use these mappings operationally.</td></tr><tr><td>unmatched<a name=\"unmatched\"> </a></td><td/><td>There is no match for this concept in the destination concept system.</td></tr><tr><td>..disjoint<a name=\"disjoint\"> </a></td><td/><td>This is an explicit assertion that there is no mapping between the source and target concept.</td></tr></table></div>"
  },
  "identifier": "http://hl7.org/fhir/vs/concept-equivalence",
  "name": "ConceptMapEquivalence",
  "publisher": "HL7 (FHIR Project)",
  "telecom": [
    {
      "system": "url",
      "value": "http://hl7.org/fhir"
    },
    {
      "system": "email",
      "value": "fhir@lists.hl7.org"
    }
  ],
  "description": "The degree of equivalence between concepts",
  "status": "draft",
  "date": "2014-07-02T16:22:59.903+08:00",
  "define": {
    "system": "http://hl7.org/fhir/concept-equivalence",
    "caseSensitive": true,
    "concept": [
      {
        "code": "equal",
        "definition": "The definitions of the concepts are exactly the same (i.e. only grammatical differences) and structural implications of meaning are identifical or irrelevant (i.e. intensionally identical)."
      },
      {
        "code": "equivalent",
        "definition": "The definitions of the concepts mean the same thing (including when structural implications of meaning are considered) (i.e. extensionally identical)."
      },
      {
        "code": "wider",
        "definition": "The target mapping is wider in meaning than the source concept.",
        "concept": [
          {
            "code": "subsumes",
            "definition": "The target mapping subsumes the meaning of the source concept (e.g. the source is-a target)."
          }
        ]
      },
      {
        "code": "narrower",
        "definition": "The target mapping is narrower in meaning that the source concept. The sense in which the mapping is narrower SHALL be described in the comments in this case, and applications should be careful when atempting to use these mappings operationally.",
        "concept": [
          {
            "code": "specialises",
            "definition": "The target mapping specialises the meaning of the source concept (e.g. the target is-a source)."
          }
        ]
      },
      {
        "code": "inexact",
        "definition": "The target mapping overlaps with the source concept, but both source and target cover additional meaning. The sense in which the mapping is narrower SHALL be described in the comments in this case, and applications should be careful when atempting to use these mappings operationally."
      },
      {
        "code": "unmatched",
        "definition": "There is no match for this concept in the destination concept system.",
        "concept": [
          {
            "code": "disjoint",
            "definition": "This is an explicit assertion that there is no mapping between the source and target concept."
          }
        ]
      }
    ]
  }
}