{
  "resourceType": "Profile",
  "text": {
    "status": "generated",
    "div": "<div>to do</div>"
  },
  "url": "http://hl7.org/fhir/Profile/dataelement-11179",
  "name": "ISO 11179 Data Element Profile",
  "publisher": "Health Level Seven",
  "telecom": [
    {
      "system": "url",
      "value": "http://hl7.org"
    }
  ],
  "description": "A profile showing how to use DataElement to express 11179 Data_Element and Concept_Elements.  At present, the profile is a partially-complete place-holder",
  "status": "draft",
  "date": "2014-04-21",
  "mapping": [
    {
      "identity": "v2",
      "uri": "http://hl7.org/v2",
      "name": "HL7 v2"
    },
    {
      "identity": "rim",
      "uri": "http://hl7.org/v3",
      "name": "RIM"
    },
    {
      "identity": "iso11179",
      "uri": "http://metadata-standards.org/11179/",
      "name": "ISO 11179"
    }
  ],
  "extensionDefn": [
    {
      "code": "meaning",
      "display": "Concept element",
      "contextType": "resource",
      "context": [
        "DataElement"
      ],
      "element": [
        {
          "path": "meaning",
          "definition": {
            "short": "Concept element",
            "formal": "The Data Element instance that defines the Concept_Element that defines the conceptual space realized by this Data_Element.",
            "min": 0,
            "max": "1",
            "type": [
              {
                "code": "Resource(DataElement)"
              }
            ],
            "mustSupport": false,
            "isModifier": false,
            "mapping": [
              {
                "identity": "v2",
                "map": "N/A"
              },
              {
                "identity": "rim",
                "map": "N/A"
              },
              {
                "identity": "iso11179",
                "map": "Data_Element.meaning"
              }
            ]
          }
        }
      ]
    },
    {
      "code": "objectClass",
      "display": "Object Class",
      "contextType": "resource",
      "context": [
        "DataElement.mapping"
      ],
      "element": [
        {
          "path": "objectClass",
          "definition": {
            "short": "Object Class",
            "formal": "A concept that represents a set of ideas, abstractions, or things in the real world that can be identified with explicit boundaries and meaning and whose properties and behavior follow the same rules. It may be either a single or a group of associated concepts, abstractions, or things.",
            "comments": "ObjectClass and Property are treated as a data model that can be mapped to like any other.  This extension merely captures the ObjectClass element as a discrete code.  The information conveyed here should also be conveyed in human-readable form in the mapping.map element.",
            "min": 0,
            "max": "1",
            "type": [
              {
                "code": "Coding"
              }
            ],
            "mustSupport": false,
            "isModifier": false,
            "binding": {
              "name": "11179ObjectClass",
              "isExtensible": false,
              "description": "A concept that represents a set of ideas, abstractions, or things in the real world that can be identified with explicit boundaries and meaning and whose properties and behavior follow the same rules.  E.g. Person, Prescription, Encounter, etc."
            },
            "mapping": [
              {
                "identity": "v2",
                "map": "N/A"
              },
              {
                "identity": "rim",
                "map": "N/A"
              },
              {
                "identity": "iso11179",
                "map": "Data_Element.meaning.object_class"
              }
            ]
          }
        }
      ]
    },
    {
      "code": "property",
      "display": "Object Class Property",
      "contextType": "resource",
      "context": [
        "DataElement.mapping"
      ],
      "element": [
        {
          "path": "property",
          "definition": {
            "short": "Object Class Property",
            "formal": "A quality common to all members of an object class. A property may be any feature that humans naturally use to distinguish one individual object from another. It is the human perception of a single quality of an object class in the real world.  It is conceptual and thus has no particular associated means of representation by which the property can be communicated.",
            "comments": "ObjectClass and Property are treated as a data model that can be mapped to like any other.  This extension merely captures the Property element as a discrete code.  The information conveyed here should also be conveyed in human-readable form in the mapping.map element.",
            "min": 0,
            "max": "1",
            "type": [
              {
                "code": "Coding"
              }
            ],
            "mustSupport": false,
            "isModifier": false,
            "binding": {
              "name": "11179ObjectClassProperty",
              "isExtensible": false,
              "description": "A quality common to all members of an object class. A property may be any feature that humans naturally use to distinguish one individual object from another. It is the human perception of a single quality of an object class in the real world.  E.g. name, identifier, gender, creationDate"
            },
            "mapping": [
              {
                "identity": "v2",
                "map": "N/A"
              },
              {
                "identity": "rim",
                "map": "N/A"
              },
              {
                "identity": "iso11179",
                "map": "Data_Element.meaning.property"
              }
            ]
          }
        }
      ]
    }
  ]
}