{"resourceType":"DataElement","text":{"status":"generated","div":"<div>TODO</div>"},"contained":[{"resourceType":"ValueSet","_id":"de42","name":"Administrative Gender (HL7 V3)","description":"TODO - remove","status":"draft","compose":{"include":[{"system":"http://hl7.org/fhir/v3/AdministrativeGender","version":"1","code":["M"]},{"system":"http://hl7.org/fhir/v3/AdministrativeGender","version":"1","code":["F"]}]},"expansion":{"timestamp":"2012-10-03T00:00:00","contains":[{"system":"http://hl7.org/fhir/v3/AdministrativeGender","code":"M","display":"Male"},{"system":"http://hl7.org/fhir/v3/AdministrativeGender","code":"F","display":"Female"}]}}],"identifier":{"system":"http://nlm.nih.gov/some_other_text/data_element_identifier","value":"DE42AHRQ"},"version":"1.2","publisher":"Agency for Healthcare Research and Quality (AHRQ)","telecom":[{"system":"email","value":"william.munier@ahrq.hhs.gov"}],"status":"draft","date":"2012-10-21","name":"Patient Gender","category":[{"coding":[{"code":"Healthcare Event Reporting Form","display":"Patient safety event report - hospital: healthcare event reporting form"}]}],"code":[{"system":"http://loinc.org","code":"72143-1","primary":true}],"question":"Patient's Gender","definition":"The patient's documented gender on arrival at the hospital. ","requirements":"AHRQ Healthcare Event Reporting Form Patient safety event report - hospital: healthcare event reporting form (HERF) - version 1.2 [AHRQ] https://www.psoppc.org/c/document_library/get_file?uuid=6034c5aa-ad07-4dbe-ab19-0b45fb160683&groupId=10218","type":"dateTime","binding":{"isExtensible":false,"conformance":"required","valueSet":{"reference":"#de42"}},"mapping":[{"extension":[{"url":"http://hl7.org/fhir/Profile/dataelement-11179#objectClass","valueCoding":{"system":"http://snomed.info/sct","code":"116154003","display":"Patient"}},{"url":"http://hl7.org/fhir/Profile/dataelement-11179#property","valueCoding":{"system":"http://snomed.info/sct","code":"263495000","display":"Gender"}}],"uri":"http://healthit.gov/sdc/objectclassproperty","name":"Structured Data Capture ObjectClass/Property","map":"http://snomed.info/sct#116154003 | http://snomed.info/sct | 263495000"}]}