{
  "resourceType": "ValueSet",
  "text": {
    "status": "generated",
    "div": "<div><h2>LocationMode</h2><p>Indicates whether a resource instance represents a specific location or a class of locations</p><p>This value set defines its own terms in the system http://hl7.org/fhir/location-mode</p><table><tr><td><b>Code</b></td><td><b>Display</b></td><td><b>Definition</b></td></tr><tr><td>instance<a name=\"instance\"> </a></td><td/><td>The Location resource represents a specific instance of a Location.</td></tr><tr><td>kind<a name=\"kind\"> </a></td><td/><td>The Location represents a class of Locations.</td></tr></table></div>"
  },
  "identifier": "http://hl7.org/fhir/vs/location-mode",
  "name": "LocationMode",
  "publisher": "HL7 (FHIR Project)",
  "telecom": [
    {
      "system": "url",
      "value": "http://hl7.org/fhir"
    },
    {
      "system": "email",
      "value": "fhir@lists.hl7.org"
    }
  ],
  "description": "Indicates whether a resource instance represents a specific location or a class of locations",
  "status": "draft",
  "date": "2014-07-02T16:22:59.905+08:00",
  "define": {
    "system": "http://hl7.org/fhir/location-mode",
    "caseSensitive": true,
    "concept": [
      {
        "code": "instance",
        "definition": "The Location resource represents a specific instance of a Location."
      },
      {
        "code": "kind",
        "definition": "The Location represents a class of Locations."
      }
    ]
  }
}