{"resourceType":"Observation","text":{"status":"generated","div":"<div>\n      <p>\n        <b>Generated Narrative with Details</b>\n      </p>\n      <p>\n        <b>name</b>: Bicarbonate level \n        <span style=\"background: LightGoldenRodYellow \">(Details : {SNOMED CT code '365722008' = 'Bicarbonate level', given as 'Bicarbonate level'})</span>\n      </p>\n      <p>\n        <b>value</b>: 28 mmol/L\n        <span style=\"background: LightGoldenRodYellow \"> (Details: SNOMED CT code 258813002 = 'millimole/liter')</span>\n      </p>\n      <p>\n        <b>interpretation</b>: Serum bicarbonate level normal \n        <span style=\"background: LightGoldenRodYellow \">(Details : {SNOMED CT code '166698001' = 'Serum bicarbonate level normal', given as 'Serum bicarbonate level normal'}; {http://hl7.org/fhir/v2/0078 code 'N' = 'Normal (applies to non-numeric results)', given as 'null'})</span>\n      </p>\n      <p>\n        <b>issued</b>: 4-Apr 2013 14:34\n      </p>\n      <p>\n        <b>status</b>: final_\n      </p>\n      <p>\n        <b>reliability</b>: ok\n      </p>\n      <p>\n        <b>method</b>: Serum bicarbonate measurement \n        <span style=\"background: LightGoldenRodYellow \">(Details : {SNOMED CT code '271239003' = 'Serum bicarbonate level', given as 'Serum bicarbonate measurement'})</span>\n      </p>\n      <p>\n        <b>identifier</b>: Bicarbonaat value of Roel on April 2013 - 03720 = 1304-03720-Bicarbonate\n      </p>\n      <p>\n        <b>subject</b>: \n        <a href=\"patient-example-f201-roel.html\">Roel. Generated Summary: BSN = 123456789 (official), BSN = 123456789 (official); Roel(official); \n          <span title=\"Codes: {http://snomed.info/sct 248153007}, {http://hl7.org/fhir/v3/AdministrativeGender M}\">Male</span>; birthDate: 13-Mar 1960; \n          <span title=\"Codes: {http://snomed.info/sct 36629006}, {http://hl7.org/fhir/v3/MaritalStatus M}\">Legally married</span>; \n          <span title=\"Codes: {urn:std:iso:639-1 nl-NL}\">Dutch</span>; active\n        </a>\n      </p>\n      <p>\n        <b>performer</b>: \n        <a href=\"practitioner-example-f202-lm.html\">Luigi Maas. Generated Summary: UZI-nummer = 12345678902 (official), BIG-nummer = 12345678902 (official); Luigi Maas(official); \n          <span title=\"Codes: {http://snomed.info/sct 248153007}\">Male</span>; birthDate: 12-Jun 1960; \n          <span title=\"Codes: {http://snomed.info/sct 33526004}\">Electronic laboratory reporting</span>; \n          <span title=\"Codes: {http://snomed.info/sct 159285000}\">Medical laboratory technician</span>\n        </a>\n      </p>\n      <h3>ReferenceRanges</h3>\n      <table class=\"grid\">\n        <tr>\n          <td>\n            <b>Low</b>\n          </td>\n          <td>\n            <b>High</b>\n          </td>\n          <td>\n            <b>Meaning</b>\n          </td>\n          <td>\n            <b>Age</b>\n          </td>\n          <td>\n            <b>Text</b>\n          </td>\n        </tr>\n        <tr>\n          <td>22</td>\n          <td>29</td>\n          <td>Normal Range \n            <span style=\"background: LightGoldenRodYellow \">(Details : {http://hl7.org/fhir/referencerange-meaning code 'normal' = 'Normal Range', given as 'Normal Range'})</span>\n          </td>\n          <td> </td>\n        </tr>\n      </table>\n      <p>\n        <b style=\"color: maroon\">Exception generating Narrative: null</b>\n      </p>\n    </div>"},"name":{"coding":[{"system":"http://snomed.info/sct","code":"365722008","display":"Bicarbonate level"}]},"valueQuantity":{"value":28,"units":"mmol/L","system":"http://snomed.info/sct","code":"258813002"},"interpretation":{"coding":[{"system":"http://snomed.info/sct","code":"166698001","display":"Serum bicarbonate level normal"},{"system":"http://hl7.org/fhir/v2/0078","code":"N"}]},"issued":"2013-04-04T14:34:00+01:00","status":"final","reliability":"ok","method":{"coding":[{"system":"http://snomed.info/sct","code":"271239003","display":"Serum bicarbonate measurement"}]},"identifier":{"label":"Bicarbonaat value of Roel on April 2013 - 03720","system":"https://intranet.aumc.nl/labvalues","value":"1304-03720-Bicarbonate"},"subject":{"reference":"Patient/f201","display":"Roel"},"performer":[{"reference":"Practitioner/f202","display":"Luigi Maas"}],"referenceRange":[{"low":{"value":22},"high":{"value":29},"meaning":{"coding":[{"system":"http://hl7.org/fhir/referencerange-meaning","code":"normal","display":"Normal Range"}]}}]}