{
  "resourceType": "ValueSet",
  "text": {
    "status": "generated",
    "div": "<div><h2>ParticipationStatus</h2><p>The Participation status of an appointment</p><p>This value set defines its own terms in the system http://hl7.org/fhir/participationstatus</p><table><tr><td><b>Code</b></td><td><b>Display</b></td><td><b>Definition</b></td></tr><tr><td>accepted<a name=\"accepted\"> </a></td><td/><td>The participant has accepted the appointment.</td></tr><tr><td>declined<a name=\"declined\"> </a></td><td/><td>The participant has declined the appointment and will not participate in the appointment.</td></tr><tr><td>tentative<a name=\"tentative\"> </a></td><td/><td>The participant has  tentatively accepted the appointment. This could be automatically created by a system and requires further processing before it can be accepted. There is no commitment that attendance will occur.</td></tr><tr><td>in-process<a name=\"in-process\"> </a></td><td/><td>The participant has started the appointment.</td></tr><tr><td>completed<a name=\"completed\"> </a></td><td/><td>The participant's involvement in the appointment has been completed.</td></tr><tr><td>needs-action<a name=\"needs-action\"> </a></td><td/><td>The participant needs to indicate if they accept the appointment by changing this status to one of the other statuses.</td></tr></table></div>"
  },
  "identifier": "http://hl7.org/fhir/vs/participationstatus",
  "name": "ParticipationStatus",
  "publisher": "HL7 (FHIR Project)",
  "telecom": [
    {
      "system": "url",
      "value": "http://hl7.org/fhir"
    },
    {
      "system": "email",
      "value": "fhir@lists.hl7.org"
    }
  ],
  "description": "The Participation status of an appointment",
  "status": "draft",
  "date": "2014-07-02T16:22:59.894+08:00",
  "define": {
    "system": "http://hl7.org/fhir/participationstatus",
    "caseSensitive": true,
    "concept": [
      {
        "code": "accepted",
        "definition": "The participant has accepted the appointment."
      },
      {
        "code": "declined",
        "definition": "The participant has declined the appointment and will not participate in the appointment."
      },
      {
        "code": "tentative",
        "definition": "The participant has  tentatively accepted the appointment. This could be automatically created by a system and requires further processing before it can be accepted. There is no commitment that attendance will occur."
      },
      {
        "code": "in-process",
        "definition": "The participant has started the appointment."
      },
      {
        "code": "completed",
        "definition": "The participant's involvement in the appointment has been completed."
      },
      {
        "code": "needs-action",
        "definition": "The participant needs to indicate if they accept the appointment by changing this status to one of the other statuses."
      }
    ]
  }
}