{
  "resourceType": "Profile",
  "text": {
    "status": "generated",
    "div": "<div>to do</div>"
  },
  "url": "http://hl7.org/fhir/Profile/questionnaireanswers-sdc",
  "name": "Structured Data Capture Data Capture",
  "publisher": "U.S. Office of the National Coordinator (ONC)",
  "telecom": [
    {
      "system": "url",
      "value": "http://wiki.siframework.org/Structured+Data+Capture+Initiative"
    }
  ],
  "description": "Defines how the questionnaire answers resource is used to reflect form data within the ONC's Structured Data Capture standard.",
  "status": "draft",
  "date": "2014-04-21",
  "structure": [
    {
      "type": "QuestionnaireAnswers",
      "base": "http://hl7.org/fhir/Profile/QuestionnaireAnswers",
      "name": "StructuredDataCaptureAnswers",
      "publish": true,
      "snapshot": {
        "element": [
          {
            "path": "QuestionnaireAnswers",
            "definition": {
              "short": "A structured set of questions and their answers",
              "formal": "A structured set of questions and their answers. The questions are ordered and grouped into coherent subsets, corresponding to the structure of the grouping of the underlying questions.",
              "min": 1,
              "max": "1",
              "type": [
                {
                  "code": "Resource"
                }
              ],
              "isModifier": false,
              "mapping": [
                {
                  "identity": "rim",
                  "map": "Observation[moodCode=EVN]"
                }
              ]
            }
          },
          {
            "path": "QuestionnaireAnswers.extension",
            "definition": {
              "short": "Additional Content defined by implementations",
              "formal": "May be used to represent additional information that is not part of the basic definition of the resource. In order to make the use of extensions safe and manageable, there is a strict governance applied to the definition and use of extensions. Though any implementer is allowed to define an extension, there is a set of requirements that SHALL be met as part of the definition of the extension.",
              "comments": "there can be no stigma associated with the use of extensions by any application, project, or standard - regardless of the institution or jurisdiction that uses or defines the extensions.  The use of extensions is what allows the FHIR specification to retain a core simplicity for everyone.",
              "synonym": [
                "extensions",
                "user content"
              ],
              "min": 0,
              "max": "*",
              "type": [
                {
                  "code": "Extension"
                }
              ]
            }
          },
          {
            "path": "QuestionnaireAnswers.modifierExtension",
            "definition": {
              "short": "Extensions that cannot be ignored",
              "formal": "May be used to represent additional information that is not part of the basic definition of the resource, and that modifies the understanding of the element that contains it. Usually modifier elements provide negation or qualification. In order to make the use of extensions safe and manageable, there is a strict governance applied to the definition and use of extensions. Though any implementer is allowed to define an extension, there is a set of requirements that SHALL be met as part of the definition of the extension. Applications processing a resource are required to check for modifier extensions.",
              "comments": "there can be no stigma associated with the use of extensions by any application, project, or standard - regardless of the institution or jurisdiction that uses or defines the extensions.  The use of extensions is what allows the FHIR specification to retain a core simplicity for everyone.",
              "synonym": [
                "extensions",
                "user content"
              ],
              "min": 0,
              "max": "*",
              "type": [
                {
                  "code": "Extension"
                }
              ]
            }
          },
          {
            "path": "QuestionnaireAnswers.language",
            "definition": {
              "short": "Language of the resource content",
              "formal": "The base language in which the resource is written.",
              "comments": "Language is provided to support indexing and accessibility (typically, services such as text to speech use the language tag). The html language tag in the narrative applies  to the narrative. The language tag on the resource may be used to specify the language of other presentations generated from the data in the resource\n\nNot all the content has to be in the base language. The Resource.language should not be assumed to apply to the narrative automatically. If a language is specified, it should it also be specified on the div element in the html (see rules in HTML5 for information about the relationship between xml:lang and the html lang attribute).",
              "min": 0,
              "max": "1",
              "type": [
                {
                  "code": "code"
                }
              ]
            }
          },
          {
            "path": "QuestionnaireAnswers.text",
            "definition": {
              "short": "Text summary of the resource, for human interpretation",
              "formal": "A human-readable narrative that contains a summary of the resource, and may be used to represent the content of the resource to a human. The narrative need not encode all the structured data, but is required to contain sufficient detail to make it \"clinically safe\" for a human to just read the narrative. Resource definitions may define what content should be represented in the narrative to ensure clinical safety.",
              "comments": "Contained resources do not have narrative. Resources that are not contained SHOULD have a narrative.",
              "synonym": [
                "narrative",
                "html",
                "xhtml",
                "display"
              ],
              "min": 0,
              "max": "1",
              "type": [
                {
                  "code": "Narrative"
                }
              ]
            }
          },
          {
            "path": "QuestionnaireAnswers.contained",
            "definition": {
              "short": "Contained, inline Resources",
              "formal": "These resources do not have an independent existence apart from the resource that contains them - they cannot be identified independently, and nor can they have their own independent transaction scope.",
              "comments": "This should never be done when the content can be identified properly, as once identification is lost, it is extremely difficult (and context dependent) to restore it again.",
              "synonym": [
                "inline resources",
                "anonymous resources",
                "contained resources"
              ],
              "min": 0,
              "max": "*",
              "type": [
                {
                  "code": "Resource"
                }
              ]
            }
          },
          {
            "path": "QuestionnaireAnswers.questionnaire",
            "definition": {
              "short": "Form being answered",
              "formal": "Indicates the Questionnaire resource that defines the form for which answers are being provided.",
              "min": 1,
              "max": "1",
              "type": [
                {
                  "code": "ResourceReference",
                  "profile": "http://hl7.org/fhir/Profile/Questionnaire"
                }
              ],
              "isModifier": false,
              "mapping": [
                {
                  "identity": "rim",
                  "map": "./outboundRelationship[typeCode=INST]/target[classCode=OBS, moodCode=DEFN]"
                }
              ]
            }
          },
          {
            "path": "QuestionnaireAnswers.status",
            "definition": {
              "short": "in progress | completed | amended",
              "formal": "The lifecycle status of the questionnaire answers as a whole.",
              "min": 1,
              "max": "1",
              "type": [
                {
                  "code": "code"
                }
              ],
              "isModifier": true,
              "binding": {
                "name": "QuestionnaireAnswersStatus",
                "isExtensible": false,
                "description": "Lifecycle status of the questionnaire answers",
                "referenceResource": {
                  "reference": "http://hl7.org/fhir/vs/questionnaire-answers-status"
                }
              },
              "mapping": [
                {
                  "identity": "rim",
                  "map": ".statusCode (also whether there's a revisionControlAct - and possibly mood to distinguish \"in progress\" from \"published)"
                }
              ]
            }
          },
          {
            "path": "QuestionnaireAnswers.subject",
            "definition": {
              "short": "The subject of the questions",
              "formal": "The subject of the questionnaire answers.  This could be a patient, organization, practitioner, device, etc.  This is who/what the answers apply to, but is not necessarily the source of information.",
              "min": 1,
              "max": "1",
              "type": [
                {
                  "code": "ResourceReference",
                  "profile": "http://hl7.org/fhir/Profile/Patient"
                }
              ],
              "isModifier": false,
              "mapping": [
                {
                  "identity": "rim",
                  "map": ".participation[typeCode=SBJ].role"
                }
              ]
            }
          },
          {
            "path": "QuestionnaireAnswers.author",
            "definition": {
              "short": "Person who received and recorded the answers",
              "formal": "Person who received the answers to the questions in the QuestionnaireAnswers and recorded them in the system.",
              "comments": "Mapping a subject's answers to multiple choice options and determining what to put in the textual answer is a matter of interpretation.",
              "min": 0,
              "max": "1",
              "type": [
                {
                  "code": "ResourceReference",
                  "profile": "http://hl7.org/fhir/Profile/Practitioner"
                },
                {
                  "code": "ResourceReference",
                  "profile": "http://hl7.org/fhir/Profile/Patient"
                },
                {
                  "code": "ResourceReference",
                  "profile": "http://hl7.org/fhir/Profile/RelatedPerson"
                }
              ],
              "isModifier": false,
              "mapping": [
                {
                  "identity": "rim",
                  "map": ".participation[typeCode=AUT].role"
                }
              ]
            }
          },
          {
            "path": "QuestionnaireAnswers.authored",
            "definition": {
              "short": "Identifies when this version of the answer set was created.  Changes whenever the answers are updated.",
              "formal": "Identifies when this version of the answer set was created.  Changes whenever the answers are updated.",
              "comments": "May be different from the update time of the resource itself, because that is the status of the collection and authoring.",
              "min": 1,
              "max": "1",
              "type": [
                {
                  "code": "dateTime"
                }
              ],
              "isModifier": false,
              "mapping": [
                {
                  "identity": "rim",
                  "map": ".participation[typeCode=AUT].time"
                }
              ]
            }
          },
          {
            "path": "QuestionnaireAnswers.source",
            "definition": {
              "short": "The person who answered the questions",
              "formal": "The person who answered the questions about the subject. Only used when this is not the subject him/herself.",
              "min": 0,
              "max": "1",
              "type": [
                {
                  "code": "ResourceReference",
                  "profile": "http://hl7.org/fhir/Profile/Patient"
                },
                {
                  "code": "ResourceReference",
                  "profile": "http://hl7.org/fhir/Profile/Practitioner"
                },
                {
                  "code": "ResourceReference",
                  "profile": "http://hl7.org/fhir/Profile/RelatedPerson"
                }
              ],
              "isModifier": false,
              "mapping": [
                {
                  "identity": "rim",
                  "map": ".participation[typeCode=INF].role"
                }
              ]
            }
          },
          {
            "path": "QuestionnaireAnswers.encounter",
            "definition": {
              "short": "Primary encounter during which the answers were collected",
              "formal": "Encounter during which this set of questionnaire answers were collected. When there were multiple encounters, this is the one considered most relevant to the context of the answers.",
              "min": 0,
              "max": "1",
              "type": [
                {
                  "code": "ResourceReference",
                  "profile": "http://hl7.org/fhir/Profile/Encounter"
                }
              ],
              "isModifier": false,
              "mapping": [
                {
                  "identity": "rim",
                  "map": ".inboundRelationship[typeCode=COMP].source[classCode=ENC, moodCode=EVN]"
                }
              ]
            }
          },
          {
            "path": "QuestionnaireAnswers.group",
            "definition": {
              "short": "Grouped questions",
              "formal": "A group of questions to a possibly similarly grouped set of questions in the questionnaire answers.",
              "comments": "The Questionnaire itself has one \"root\" group with the actual contents of the Questionnaire.",
              "min": 1,
              "max": "1",
              "type": [
                {
                  "code": "=Group"
                }
              ],
              "constraint": [
                {
                  "key": "1",
                  "name": "GroupHaveSubOrQuestions",
                  "severity": "error",
                  "human": "Groups may either contain questions or groups but not both",
                  "xpath": "not(exists(f:group) and exists(f:question))"
                }
              ],
              "isModifier": false,
              "mapping": [
                {
                  "identity": "rim",
                  "map": ".outboundRelationship[typeCode=COMP].target[classCode=OBS, moodCode=EVN]"
                }
              ]
            }
          },
          {
            "path": "QuestionnaireAnswers.group.extension",
            "definition": {
              "short": "Additional Content defined by implementations",
              "formal": "May be used to represent additional information that is not part of the basic definition of the resource. In order to make the use of extensions safe and manageable, there is a strict governance applied to the definition and use of extensions. Though any implementer is allowed to define an extension, there is a set of requirements that SHALL be met as part of the definition of the extension.",
              "comments": "there can be no stigma associated with the use of extensions by any application, project, or standard - regardless of the institution or jurisdiction that uses or defines the extensions.  The use of extensions is what allows the FHIR specification to retain a core simplicity for everyone.",
              "synonym": [
                "extensions",
                "user content"
              ],
              "min": 0,
              "max": "*",
              "type": [
                {
                  "code": "Extension"
                }
              ]
            }
          },
          {
            "path": "QuestionnaireAnswers.group.modifierExtension",
            "definition": {
              "short": "Extensions that cannot be ignored",
              "formal": "May be used to represent additional information that is not part of the basic definition of the resource, and that modifies the understanding of the element that contains it. Usually modifier elements provide negation or qualification. In order to make the use of extensions safe and manageable, there is a strict governance applied to the definition and use of extensions. Though any implementer is allowed to define an extension, there is a set of requirements that SHALL be met as part of the definition of the extension. Applications processing a resource are required to check for modifier extensions.",
              "comments": "there can be no stigma associated with the use of extensions by any application, project, or standard - regardless of the institution or jurisdiction that uses or defines the extensions.  The use of extensions is what allows the FHIR specification to retain a core simplicity for everyone.",
              "synonym": [
                "extensions",
                "user content"
              ],
              "min": 0,
              "max": "*",
              "type": [
                {
                  "code": "Extension"
                }
              ]
            }
          },
          {
            "path": "QuestionnaireAnswers.group.linkId",
            "definition": {
              "short": "Corresponding group within Questionnaire",
              "formal": "Identifies the group from the Questionnaire that corresponds to this group in the QuestionnaireAnswers resource.",
              "min": 1,
              "max": "1",
              "isModifier": false,
              "mapping": [
                {
                  "identity": "rim",
                  "map": ".outboundRelationship[typeCode=DEFN].target[classCode=OBS, moodCode=DEFN]"
                }
              ]
            }
          },
          {
            "path": "QuestionnaireAnswers.group.title",
            "definition": {
              "short": "Name for this group",
              "formal": "Text that is displayed above the contents of the group.",
              "comments": "On the root group, this is the title of the questionnaire.",
              "min": 0,
              "max": "1",
              "type": [
                {
                  "code": "string"
                }
              ],
              "isModifier": false,
              "mapping": [
                {
                  "identity": "rim",
                  "map": ".title"
                }
              ]
            }
          },
          {
            "path": "QuestionnaireAnswers.group.text",
            "definition": {
              "short": "Additional text for the group",
              "formal": "Additional text for the group, used for display purposes.",
              "min": 0,
              "max": "1",
              "type": [
                {
                  "code": "string"
                }
              ],
              "isModifier": false,
              "mapping": [
                {
                  "identity": "rim",
                  "map": ".text"
                }
              ]
            }
          },
          {
            "path": "QuestionnaireAnswers.group.subject",
            "definition": {
              "short": "The subject this group's answers are about",
              "formal": "More specific subject this section's answers are about, details the subject given in QuestionnaireAnswers.",
              "min": 0,
              "max": "1",
              "type": [
                {
                  "code": "ResourceReference",
                  "profile": "http://hl7.org/fhir/Profile/Any"
                }
              ],
              "isModifier": false,
              "mapping": [
                {
                  "identity": "rim",
                  "map": ".participation[typeCode=SBJ].role\nor\n.outboundRelationship[typeCode=SUBJ].target"
                }
              ]
            }
          },
          {
            "path": "QuestionnaireAnswers.group.group",
            "definition": {
              "short": "Nested questionnaire answers group",
              "formal": "A sub-group within a group. The ordering of groups within this group is relevant.",
              "min": 0,
              "max": "*",
              "nameReference": "QuestionnaireAnswers.group",
              "isModifier": false,
              "mapping": [
                {
                  "identity": "rim",
                  "map": ".outboundRelationship[typeCode=COMP].target[classCode=OBS, moodCode=EVN]"
                }
              ]
            }
          },
          {
            "path": "QuestionnaireAnswers.group.question",
            "definition": {
              "short": "Questions in this group",
              "formal": "Set of questions within this group. The order of questions within the group is relevant.",
              "min": 0,
              "max": "*",
              "type": [
                {
                  "code": "=Question"
                }
              ],
              "isModifier": false,
              "mapping": [
                {
                  "identity": "rim",
                  "map": ".outboundRelationship[typeCode=COMP].target[classCode=OBS, moodCode=EVN or DEF]"
                }
              ]
            }
          },
          {
            "path": "QuestionnaireAnswers.group.question.extension",
            "definition": {
              "short": "Additional Content defined by implementations",
              "formal": "May be used to represent additional information that is not part of the basic definition of the resource. In order to make the use of extensions safe and manageable, there is a strict governance applied to the definition and use of extensions. Though any implementer is allowed to define an extension, there is a set of requirements that SHALL be met as part of the definition of the extension.",
              "comments": "there can be no stigma associated with the use of extensions by any application, project, or standard - regardless of the institution or jurisdiction that uses or defines the extensions.  The use of extensions is what allows the FHIR specification to retain a core simplicity for everyone.",
              "synonym": [
                "extensions",
                "user content"
              ],
              "min": 0,
              "max": "*",
              "type": [
                {
                  "code": "Extension"
                }
              ]
            }
          },
          {
            "path": "QuestionnaireAnswers.group.question.modifierExtension",
            "definition": {
              "short": "Extensions that cannot be ignored",
              "formal": "May be used to represent additional information that is not part of the basic definition of the resource, and that modifies the understanding of the element that contains it. Usually modifier elements provide negation or qualification. In order to make the use of extensions safe and manageable, there is a strict governance applied to the definition and use of extensions. Though any implementer is allowed to define an extension, there is a set of requirements that SHALL be met as part of the definition of the extension. Applications processing a resource are required to check for modifier extensions.",
              "comments": "there can be no stigma associated with the use of extensions by any application, project, or standard - regardless of the institution or jurisdiction that uses or defines the extensions.  The use of extensions is what allows the FHIR specification to retain a core simplicity for everyone.",
              "synonym": [
                "extensions",
                "user content"
              ],
              "min": 0,
              "max": "*",
              "type": [
                {
                  "code": "Extension"
                }
              ]
            }
          },
          {
            "path": "QuestionnaireAnswers.group.question.linkId",
            "definition": {
              "short": "Corresponding question within Questionnaire",
              "formal": "Identifies the question from the Questionnaire that corresponds to this question in the QuestionnaireAnswers resource.",
              "min": 1,
              "max": "1",
              "type": [
                {
                  "code": "string"
                }
              ],
              "isModifier": false,
              "mapping": [
                {
                  "identity": "rim",
                  "map": ".outboundRelationship[typeCode=DEFN].target[classCode=OBS, moodCode=DEFN]"
                }
              ]
            }
          },
          {
            "path": "QuestionnaireAnswers.group.question.text",
            "definition": {
              "short": "Text of the question as it is shown to the user",
              "formal": "Text of the question as it is shown to the user.",
              "min": 1,
              "max": "1",
              "type": [
                {
                  "code": "string"
                }
              ],
              "isModifier": false,
              "mapping": [
                {
                  "identity": "rim",
                  "map": ".code.display"
                }
              ]
            }
          },
          {
            "path": "QuestionnaireAnswers.group.question.answer",
            "definition": {
              "short": "The response(s) to the question",
              "formal": "The respondant's answer(s) to the question.",
              "comments": "We nest the value because we can't have a repeating structure that has variable type.",
              "min": 0,
              "max": "0",
              "isModifier": false,
              "mapping": [
                {
                  "identity": "rim",
                  "map": ".value[type=LIST_ANY]"
                }
              ]
            }
          },
          {
            "path": "QuestionnaireAnswers.group.question.answer.extension",
            "definition": {
              "short": "Additional Content defined by implementations",
              "formal": "May be used to represent additional information that is not part of the basic definition of the resource. In order to make the use of extensions safe and manageable, there is a strict governance applied to the definition and use of extensions. Though any implementer is allowed to define an extension, there is a set of requirements that SHALL be met as part of the definition of the extension.",
              "comments": "there can be no stigma associated with the use of extensions by any application, project, or standard - regardless of the institution or jurisdiction that uses or defines the extensions.  The use of extensions is what allows the FHIR specification to retain a core simplicity for everyone.",
              "synonym": [
                "extensions",
                "user content"
              ],
              "min": 0,
              "max": "*",
              "type": [
                {
                  "code": "Extension"
                }
              ]
            }
          },
          {
            "path": "QuestionnaireAnswers.group.question.answer.modifierExtension",
            "definition": {
              "short": "Extensions that cannot be ignored",
              "formal": "May be used to represent additional information that is not part of the basic definition of the resource, and that modifies the understanding of the element that contains it. Usually modifier elements provide negation or qualification. In order to make the use of extensions safe and manageable, there is a strict governance applied to the definition and use of extensions. Though any implementer is allowed to define an extension, there is a set of requirements that SHALL be met as part of the definition of the extension. Applications processing a resource are required to check for modifier extensions.",
              "comments": "there can be no stigma associated with the use of extensions by any application, project, or standard - regardless of the institution or jurisdiction that uses or defines the extensions.  The use of extensions is what allows the FHIR specification to retain a core simplicity for everyone.",
              "synonym": [
                "extensions",
                "user content"
              ],
              "min": 0,
              "max": "*",
              "type": [
                {
                  "code": "Extension"
                }
              ]
            }
          },
          {
            "path": "QuestionnaireAnswers.group.question.answer.value[x]",
            "definition": {
              "short": "Single-valued answer to the question",
              "formal": "Single-valued answer to the question.",
              "comments": "More complex structures (Attachment, Resource, Quantity) will typically be limited to electronic forms that can expose an appropriate user interface to capture the components and enforce the constraints of a complex data type.",
              "min": 0,
              "max": "*",
              "type": [
                {
                  "code": "*"
                }
              ],
              "isModifier": false,
              "mapping": [
                {
                  "identity": "rim",
                  "map": ".item"
                }
              ]
            }
          },
          {
            "path": "QuestionnaireAnswers.group.question.group",
            "definition": {
              "short": "Nested questionnaire group",
              "formal": "Nested group, containing nested question for this question. The order of groups within the question is relevant.",
              "min": 0,
              "max": "*",
              "nameReference": "QuestionnaireAnswers.group",
              "isModifier": false,
              "mapping": [
                {
                  "identity": "rim",
                  "map": ".outboundRelationship[typeCode=COMP].target[classCode=DOCSECT, moodCode=EVN]"
                }
              ]
            }
          }
        ]
      },
      "differential": {
        "element": [
          {
            "path": "QuestionnaireAnswers",
            "name": "StructuredDataCaptureAnswers",
            "definition": {
              "min": 1,
              "max": "1",
              "type": [
                {
                  "code": "Resource"
                }
              ],
              "isModifier": false
            }
          },
          {
            "path": "QuestionnaireAnswers.questionnaire",
            "definition": {
              "min": 1,
              "max": "1",
              "type": [
                {
                  "code": "ResourceReference",
                  "profile": "http://hl7.org/fhir/Profile/Questionnaire"
                }
              ],
              "isModifier": false
            }
          },
          {
            "path": "QuestionnaireAnswers.status",
            "definition": {
              "min": 1,
              "max": "1",
              "type": [
                {
                  "code": "code"
                }
              ],
              "isModifier": true
            }
          },
          {
            "path": "QuestionnaireAnswers.subject",
            "definition": {
              "min": 1,
              "max": "1",
              "type": [
                {
                  "code": "ResourceReference",
                  "profile": "http://hl7.org/fhir/Profile/Patient"
                }
              ],
              "isModifier": false
            }
          },
          {
            "path": "QuestionnaireAnswers.author",
            "definition": {
              "min": 0,
              "max": "1",
              "type": [
                {
                  "code": "ResourceReference",
                  "profile": "http://hl7.org/fhir/Profile/Practitioner"
                },
                {
                  "code": "ResourceReference",
                  "profile": "http://hl7.org/fhir/Profile/Patient"
                },
                {
                  "code": "ResourceReference",
                  "profile": "http://hl7.org/fhir/Profile/RelatedPerson"
                }
              ],
              "isModifier": false
            }
          },
          {
            "path": "QuestionnaireAnswers.authored",
            "definition": {
              "short": "Identifies when this version of the answer set was created.  Changes whenever the answers are updated.",
              "formal": "Identifies when this version of the answer set was created.  Changes whenever the answers are updated.",
              "min": 1,
              "max": "1",
              "type": [
                {
                  "code": "dateTime"
                }
              ],
              "isModifier": false
            }
          },
          {
            "path": "QuestionnaireAnswers.source",
            "definition": {
              "min": 0,
              "max": "1",
              "type": [
                {
                  "code": "ResourceReference",
                  "profile": "http://hl7.org/fhir/Profile/Patient"
                },
                {
                  "code": "ResourceReference",
                  "profile": "http://hl7.org/fhir/Profile/Practitioner"
                },
                {
                  "code": "ResourceReference",
                  "profile": "http://hl7.org/fhir/Profile/RelatedPerson"
                }
              ],
              "isModifier": false
            }
          },
          {
            "path": "QuestionnaireAnswers.encounter",
            "definition": {
              "min": 0,
              "max": "1",
              "type": [
                {
                  "code": "ResourceReference",
                  "profile": "http://hl7.org/fhir/Profile/Encounter"
                }
              ],
              "isModifier": false
            }
          },
          {
            "path": "QuestionnaireAnswers.group",
            "definition": {
              "min": 1,
              "max": "1",
              "type": [
                {
                  "code": "=Group"
                }
              ],
              "isModifier": false
            }
          },
          {
            "path": "QuestionnaireAnswers.group.linkId",
            "definition": {
              "min": 1,
              "max": "1",
              "isModifier": false
            }
          },
          {
            "path": "QuestionnaireAnswers.group.title",
            "definition": {
              "min": 0,
              "max": "1",
              "type": [
                {
                  "code": "string"
                }
              ],
              "isModifier": false
            }
          },
          {
            "path": "QuestionnaireAnswers.group.text",
            "definition": {
              "min": 0,
              "max": "1",
              "type": [
                {
                  "code": "string"
                }
              ],
              "isModifier": false
            }
          },
          {
            "path": "QuestionnaireAnswers.group.subject",
            "definition": {
              "min": 0,
              "max": "1",
              "type": [
                {
                  "code": "ResourceReference",
                  "profile": "http://hl7.org/fhir/Profile/Any"
                }
              ],
              "isModifier": false
            }
          },
          {
            "path": "QuestionnaireAnswers.group.group",
            "definition": {
              "min": 0,
              "max": "*",
              "nameReference": "QuestionnaireAnswers.group",
              "isModifier": false
            }
          },
          {
            "path": "QuestionnaireAnswers.group.question",
            "definition": {
              "min": 0,
              "max": "*",
              "type": [
                {
                  "code": "=Question"
                }
              ],
              "isModifier": false
            }
          },
          {
            "path": "QuestionnaireAnswers.group.question.linkId",
            "definition": {
              "min": 1,
              "max": "1",
              "type": [
                {
                  "code": "string"
                }
              ],
              "isModifier": false
            }
          },
          {
            "path": "QuestionnaireAnswers.group.question.text",
            "definition": {
              "min": 1,
              "max": "1",
              "type": [
                {
                  "code": "string"
                }
              ],
              "isModifier": false
            }
          },
          {
            "path": "QuestionnaireAnswers.group.question.answer",
            "definition": {
              "min": 0,
              "max": "0",
              "isModifier": false
            }
          },
          {
            "path": "QuestionnaireAnswers.group.question.answer.value[x]",
            "definition": {
              "min": 0,
              "max": "*",
              "type": [
                {
                  "code": "*"
                }
              ],
              "isModifier": false
            }
          },
          {
            "path": "QuestionnaireAnswers.group.question.group",
            "definition": {
              "min": 0,
              "max": "*",
              "nameReference": "QuestionnaireAnswers.group",
              "isModifier": false
            }
          }
        ]
      }
    }
  ]
}