{
  "resourceType": "Profile",
  "text": {
    "status": "generated",
    "div": "<div>to do</div>"
  },
  "url": "http://hl7.org/fhir/Profile/questionnaire-sdc",
  "name": "Structured Data Capture Questionnaire Design",
  "publisher": "U.S. Office of the National Coordinator (ONC)",
  "telecom": [
    {
      "system": "url",
      "value": "http://wiki.siframework.org/Structured+Data+Capture+Initiative"
    }
  ],
  "description": "Defines how form is used to reflect form definitions to be used within the ONC's Structured Data Capture standard.",
  "status": "draft",
  "date": "2014-04-21",
  "structure": [
    {
      "type": "Questionnaire",
      "base": "http://hl7.org/fhir/Profile/Questionnaire",
      "name": "StructuredDataCaptureForm",
      "publish": true,
      "snapshot": {
        "element": [
          {
            "path": "Questionnaire",
            "definition": {
              "short": "A structured set of questions",
              "formal": "A structured set of questions intended to guide the collection of answers. The questions are ordered and grouped into coherent subsets, corresponding to the structure of the grouping of the underlying questions.",
              "min": 1,
              "max": "1",
              "type": [
                {
                  "code": "Resource"
                }
              ],
              "constraint": [
                {
                  "key": "2",
                  "name": "UniqueLinkIds",
                  "severity": "error",
                  "human": "The link ids for groups and questions must be unique within the questionnaire",
                  "xpath": "count(descendant::f:linkId/@value)=count(distinct-values(descendant::f:linkId/@value))"
                }
              ],
              "isModifier": false,
              "mapping": [
                {
                  "identity": "rim",
                  "map": "Observation[moodCode=DEF]"
                }
              ]
            }
          },
          {
            "path": "Questionnaire.extension",
            "slicing": {
              "discriminator": "url",
              "rules": "open"
            },
            "definition": {
              "short": "Additional Content defined by implementations",
              "formal": "May be used to represent additional information that is not part of the basic definition of the resource. In order to make the use of extensions safe and manageable, there is a strict governance applied to the definition and use of extensions. Though any implementer is allowed to define an extension, there is a set of requirements that SHALL be met as part of the definition of the extension.",
              "comments": "there can be no stigma associated with the use of extensions by any application, project, or standard - regardless of the institution or jurisdiction that uses or defines the extensions.  The use of extensions is what allows the FHIR specification to retain a core simplicity for everyone.",
              "synonym": [
                "extensions",
                "user content"
              ],
              "min": 0,
              "max": "*",
              "type": [
                {
                  "code": "Extension"
                }
              ]
            }
          },
          {
            "path": "Questionnaire.extension",
            "definition": {
              "short": "Additional Content defined by implementations",
              "formal": "May be used to represent additional information that is not part of the basic definition of the resource. In order to make the use of extensions safe and manageable, there is a strict governance applied to the definition and use of extensions. Though any implementer is allowed to define an extension, there is a set of requirements that SHALL be met as part of the definition of the extension.",
              "comments": "there can be no stigma associated with the use of extensions by any application, project, or standard - regardless of the institution or jurisdiction that uses or defines the extensions.  The use of extensions is what allows the FHIR specification to retain a core simplicity for everyone.",
              "synonym": [
                "extensions",
                "user content"
              ],
              "min": 0,
              "max": "*",
              "type": [
                {
                  "code": "ResourceReference",
                  "profile": "#endpoint"
                }
              ]
            }
          },
          {
            "path": "Questionnaire.modifierExtension",
            "definition": {
              "short": "Extensions that cannot be ignored",
              "formal": "May be used to represent additional information that is not part of the basic definition of the resource, and that modifies the understanding of the element that contains it. Usually modifier elements provide negation or qualification. In order to make the use of extensions safe and manageable, there is a strict governance applied to the definition and use of extensions. Though any implementer is allowed to define an extension, there is a set of requirements that SHALL be met as part of the definition of the extension. Applications processing a resource are required to check for modifier extensions.",
              "comments": "there can be no stigma associated with the use of extensions by any application, project, or standard - regardless of the institution or jurisdiction that uses or defines the extensions.  The use of extensions is what allows the FHIR specification to retain a core simplicity for everyone.",
              "synonym": [
                "extensions",
                "user content"
              ],
              "min": 0,
              "max": "*",
              "type": [
                {
                  "code": "Extension"
                }
              ]
            }
          },
          {
            "path": "Questionnaire.language",
            "definition": {
              "short": "Language of the resource content",
              "formal": "The base language in which the resource is written.",
              "comments": "Language is provided to support indexing and accessibility (typically, services such as text to speech use the language tag). The html language tag in the narrative applies  to the narrative. The language tag on the resource may be used to specify the language of other presentations generated from the data in the resource\n\nNot all the content has to be in the base language. The Resource.language should not be assumed to apply to the narrative automatically. If a language is specified, it should it also be specified on the div element in the html (see rules in HTML5 for information about the relationship between xml:lang and the html lang attribute).",
              "min": 0,
              "max": "1",
              "type": [
                {
                  "code": "code"
                }
              ]
            }
          },
          {
            "path": "Questionnaire.text",
            "definition": {
              "short": "Text summary of the resource, for human interpretation",
              "formal": "A human-readable narrative that contains a summary of the resource, and may be used to represent the content of the resource to a human. The narrative need not encode all the structured data, but is required to contain sufficient detail to make it \"clinically safe\" for a human to just read the narrative. Resource definitions may define what content should be represented in the narrative to ensure clinical safety.",
              "comments": "Contained resources do not have narrative. Resources that are not contained SHOULD have a narrative.",
              "synonym": [
                "narrative",
                "html",
                "xhtml",
                "display"
              ],
              "min": 0,
              "max": "1",
              "type": [
                {
                  "code": "Narrative"
                }
              ]
            }
          },
          {
            "path": "Questionnaire.contained",
            "definition": {
              "short": "Contained, inline Resources",
              "formal": "These resources do not have an independent existence apart from the resource that contains them - they cannot be identified independently, and nor can they have their own independent transaction scope.",
              "comments": "This should never be done when the content can be identified properly, as once identification is lost, it is extremely difficult (and context dependent) to restore it again.",
              "synonym": [
                "inline resources",
                "anonymous resources",
                "contained resources"
              ],
              "min": 0,
              "max": "*",
              "type": [
                {
                  "code": "Resource"
                }
              ]
            }
          },
          {
            "path": "Questionnaire.identifier",
            "definition": {
              "short": "External Ids for this questionnaire",
              "formal": "This records identifiers associated with this question set that are defined by business processed and/ or used to refer to it when a direct URL reference to the resource itself is not appropriate (e.g. in CDA documents, or in written / printed documentation).",
              "min": 0,
              "max": "*",
              "type": [
                {
                  "code": "Identifier"
                }
              ],
              "isModifier": false,
              "mapping": [
                {
                  "identity": "rim",
                  "map": ".id[use=BUS]"
                }
              ]
            }
          },
          {
            "path": "Questionnaire.version",
            "definition": {
              "short": "Logical id for this version of Questionnaire",
              "formal": "The version number assigned by the publisher for business reasons.  It may remain the same when the resource is updated.",
              "min": 0,
              "max": "1",
              "type": [
                {
                  "code": "string"
                }
              ],
              "isModifier": false,
              "mapping": [
                {
                  "identity": "rim",
                  "map": ".id[use=VER]"
                }
              ]
            }
          },
          {
            "path": "Questionnaire.status",
            "definition": {
              "short": "draft | published | retired",
              "formal": "The lifecycle status of the questionnaire as a whole.",
              "min": 1,
              "max": "1",
              "type": [
                {
                  "code": "code"
                }
              ],
              "isModifier": true,
              "binding": {
                "name": "QuestionnaireStatus",
                "isExtensible": false,
                "description": "Lifecycle status of the questionnaire",
                "referenceResource": {
                  "reference": "http://hl7.org/fhir/vs/questionnaire-status"
                }
              },
              "mapping": [
                {
                  "identity": "rim",
                  "map": ".statusCode (also whether there's a revisionControlAct - and possibly mood to distinguish \"in progress\" from \"published)"
                }
              ]
            }
          },
          {
            "path": "Questionnaire.date",
            "definition": {
              "short": "Identifies when this version of the form was created.  Changes whenever the form is updated.",
              "formal": "Identifies when this version of the form was created.  Changes whenever the form is updated.",
              "min": 1,
              "max": "1",
              "type": [
                {
                  "code": "date"
                }
              ],
              "isModifier": false,
              "mapping": [
                {
                  "identity": "rim",
                  "map": ".participation[typeCode=AUT].time"
                }
              ]
            }
          },
          {
            "path": "Questionnaire.publisher",
            "definition": {
              "short": "Organization who designed the questionnaire",
              "formal": "Organization responsible for developing and maintaining the questionnaire.",
              "min": 0,
              "max": "1",
              "type": [
                {
                  "code": "string"
                }
              ],
              "isModifier": false,
              "mapping": [
                {
                  "identity": "rim",
                  "map": ".participation[typeCode=AUT].role"
                }
              ]
            }
          },
          {
            "path": "Questionnaire.group",
            "definition": {
              "short": "Grouped questions",
              "formal": "A collection of related questions (or further groupings of questions).",
              "comments": "The Questionnaire itself has one \"root\" group with the actual contents of the Questionnaire.  Inquestionnaireation on this root group applies to the questionnaire as a whole.",
              "min": 1,
              "max": "1",
              "type": [
                {
                  "code": "=Group"
                }
              ],
              "constraint": [
                {
                  "key": "1",
                  "name": "GroupHaveSubOrQuestions",
                  "severity": "error",
                  "human": "Groups may either contain questions or groups but not both",
                  "xpath": "not(exists(f:group) and exists(f:question))"
                }
              ],
              "isModifier": false,
              "mapping": [
                {
                  "identity": "rim",
                  "map": ".outboundRelationship[typeCode=COMP].target[classCode=DOCSECT, moodCode=EVN]"
                }
              ]
            }
          },
          {
            "path": "Questionnaire.group.extension",
            "slicing": {
              "discriminator": "url",
              "rules": "open"
            },
            "definition": {
              "short": "Additional Content defined by implementations",
              "formal": "May be used to represent additional information that is not part of the basic definition of the resource. In order to make the use of extensions safe and manageable, there is a strict governance applied to the definition and use of extensions. Though any implementer is allowed to define an extension, there is a set of requirements that SHALL be met as part of the definition of the extension.",
              "comments": "there can be no stigma associated with the use of extensions by any application, project, or standard - regardless of the institution or jurisdiction that uses or defines the extensions.  The use of extensions is what allows the FHIR specification to retain a core simplicity for everyone.",
              "synonym": [
                "extensions",
                "user content"
              ],
              "min": 0,
              "max": "*",
              "type": [
                {
                  "code": "Extension"
                }
              ]
            }
          },
          {
            "path": "Questionnaire.group.extension",
            "definition": {
              "short": "Additional Content defined by implementations",
              "formal": "May be used to represent additional information that is not part of the basic definition of the resource. In order to make the use of extensions safe and manageable, there is a strict governance applied to the definition and use of extensions. Though any implementer is allowed to define an extension, there is a set of requirements that SHALL be met as part of the definition of the extension.",
              "comments": "there can be no stigma associated with the use of extensions by any application, project, or standard - regardless of the institution or jurisdiction that uses or defines the extensions.  The use of extensions is what allows the FHIR specification to retain a core simplicity for everyone.",
              "synonym": [
                "extensions",
                "user content"
              ],
              "min": 0,
              "max": "1",
              "type": [
                {
                  "code": "ResourceReference",
                  "profile": "http://hl7.org/fhir/Profile/questionnaire-extensions#label"
                }
              ]
            }
          },
          {
            "path": "Questionnaire.group.extension",
            "definition": {
              "short": "Additional Content defined by implementations",
              "formal": "May be used to represent additional information that is not part of the basic definition of the resource. In order to make the use of extensions safe and manageable, there is a strict governance applied to the definition and use of extensions. Though any implementer is allowed to define an extension, there is a set of requirements that SHALL be met as part of the definition of the extension.",
              "comments": "there can be no stigma associated with the use of extensions by any application, project, or standard - regardless of the institution or jurisdiction that uses or defines the extensions.  The use of extensions is what allows the FHIR specification to retain a core simplicity for everyone.",
              "synonym": [
                "extensions",
                "user content"
              ],
              "min": 0,
              "max": "*",
              "type": [
                {
                  "code": "ResourceReference",
                  "profile": "#additionalGroupText"
                }
              ]
            }
          },
          {
            "path": "Questionnaire.group.extension",
            "definition": {
              "short": "Additional Content defined by implementations",
              "formal": "May be used to represent additional information that is not part of the basic definition of the resource. In order to make the use of extensions safe and manageable, there is a strict governance applied to the definition and use of extensions. Though any implementer is allowed to define an extension, there is a set of requirements that SHALL be met as part of the definition of the extension.",
              "comments": "there can be no stigma associated with the use of extensions by any application, project, or standard - regardless of the institution or jurisdiction that uses or defines the extensions.  The use of extensions is what allows the FHIR specification to retain a core simplicity for everyone.",
              "synonym": [
                "extensions",
                "user content"
              ],
              "min": 0,
              "max": "*",
              "type": [
                {
                  "code": "ResourceReference",
                  "profile": "http://hl7.org/fhir/Profile/questionnaire-extensions#enableWhen"
                }
              ]
            }
          },
          {
            "path": "Questionnaire.group.extension",
            "definition": {
              "short": "Additional Content defined by implementations",
              "formal": "May be used to represent additional information that is not part of the basic definition of the resource. In order to make the use of extensions safe and manageable, there is a strict governance applied to the definition and use of extensions. Though any implementer is allowed to define an extension, there is a set of requirements that SHALL be met as part of the definition of the extension.",
              "comments": "there can be no stigma associated with the use of extensions by any application, project, or standard - regardless of the institution or jurisdiction that uses or defines the extensions.  The use of extensions is what allows the FHIR specification to retain a core simplicity for everyone.",
              "synonym": [
                "extensions",
                "user content"
              ],
              "min": 0,
              "max": "1",
              "type": [
                {
                  "code": "ResourceReference",
                  "profile": "http://hl7.org/fhir/Profile/questionnaire-extensions#hidden"
                }
              ]
            }
          },
          {
            "path": "Questionnaire.group.extension",
            "definition": {
              "short": "Additional Content defined by implementations",
              "formal": "May be used to represent additional information that is not part of the basic definition of the resource. In order to make the use of extensions safe and manageable, there is a strict governance applied to the definition and use of extensions. Though any implementer is allowed to define an extension, there is a set of requirements that SHALL be met as part of the definition of the extension.",
              "comments": "there can be no stigma associated with the use of extensions by any application, project, or standard - regardless of the institution or jurisdiction that uses or defines the extensions.  The use of extensions is what allows the FHIR specification to retain a core simplicity for everyone.",
              "synonym": [
                "extensions",
                "user content"
              ],
              "min": 0,
              "max": "1",
              "type": [
                {
                  "code": "ResourceReference",
                  "profile": "http://hl7.org/fhir/Profile/questionnaire-extensions#minOccurs"
                }
              ]
            }
          },
          {
            "path": "Questionnaire.group.extension",
            "definition": {
              "short": "Additional Content defined by implementations",
              "formal": "May be used to represent additional information that is not part of the basic definition of the resource. In order to make the use of extensions safe and manageable, there is a strict governance applied to the definition and use of extensions. Though any implementer is allowed to define an extension, there is a set of requirements that SHALL be met as part of the definition of the extension.",
              "comments": "there can be no stigma associated with the use of extensions by any application, project, or standard - regardless of the institution or jurisdiction that uses or defines the extensions.  The use of extensions is what allows the FHIR specification to retain a core simplicity for everyone.",
              "synonym": [
                "extensions",
                "user content"
              ],
              "min": 0,
              "max": "1",
              "type": [
                {
                  "code": "ResourceReference",
                  "profile": "http://hl7.org/fhir/Profile/questionnaire-extensions#maxOccurs"
                }
              ]
            }
          },
          {
            "path": "Questionnaire.group.extension",
            "definition": {
              "short": "Additional Content defined by implementations",
              "formal": "May be used to represent additional information that is not part of the basic definition of the resource. In order to make the use of extensions safe and manageable, there is a strict governance applied to the definition and use of extensions. Though any implementer is allowed to define an extension, there is a set of requirements that SHALL be met as part of the definition of the extension.",
              "comments": "Are there form rendering mechanisms where it would be unreasonable to require systems to support this extension?.",
              "synonym": [
                "extensions",
                "user content"
              ],
              "min": 0,
              "max": "1",
              "type": [
                {
                  "code": "ResourceReference",
                  "profile": "#specialGroup"
                }
              ]
            }
          },
          {
            "path": "Questionnaire.group.modifierExtension",
            "definition": {
              "short": "Extensions that cannot be ignored",
              "formal": "May be used to represent additional information that is not part of the basic definition of the resource, and that modifies the understanding of the element that contains it. Usually modifier elements provide negation or qualification. In order to make the use of extensions safe and manageable, there is a strict governance applied to the definition and use of extensions. Though any implementer is allowed to define an extension, there is a set of requirements that SHALL be met as part of the definition of the extension. Applications processing a resource are required to check for modifier extensions.",
              "comments": "there can be no stigma associated with the use of extensions by any application, project, or standard - regardless of the institution or jurisdiction that uses or defines the extensions.  The use of extensions is what allows the FHIR specification to retain a core simplicity for everyone.",
              "synonym": [
                "extensions",
                "user content"
              ],
              "min": 0,
              "max": "*",
              "type": [
                {
                  "code": "Extension"
                }
              ]
            }
          },
          {
            "path": "Questionnaire.group.linkId",
            "definition": {
              "short": "To link questionnaire with questionnaire answers",
              "formal": "A unique identifier within the questionnaire allowing linkage to the equivalent group in a QuestionnaireAnswers resource.",
              "comments": "May be omitted if there is no expectation to link answers back to a questionnaire.",
              "min": 1,
              "max": "1",
              "type": [
                {
                  "code": "string"
                }
              ],
              "isModifier": false,
              "mapping": [
                {
                  "identity": "rim",
                  "map": ".id"
                }
              ]
            }
          },
          {
            "path": "Questionnaire.group.title",
            "definition": {
              "short": "Name to be displayed for group",
              "formal": "The human-readable name for this section of the questionnaire.",
              "comments": "The title of the \"root\" group is the title for the questionnaire.",
              "min": 0,
              "max": "1",
              "type": [
                {
                  "code": "string"
                }
              ],
              "isModifier": false,
              "mapping": [
                {
                  "identity": "rim",
                  "map": ".title"
                }
              ]
            }
          },
          {
            "path": "Questionnaire.group.concept",
            "definition": {
              "short": "Concept that represents this section on a questionnaire",
              "formal": "Identifies a how this group of questions is known in a particular terminology such as LOINC.",
              "comments": "The code(s) for the \"root\" group apply to the questionnaire as a whole.",
              "min": 0,
              "max": "*",
              "type": [
                {
                  "code": "Coding"
                }
              ],
              "isModifier": false,
              "binding": {
                "name": "QuestionnaireGroupConcept",
                "isExtensible": false,
                "description": "Codes for questionnaires and groupings of questionnaire questions"
              },
              "mapping": [
                {
                  "identity": "rim",
                  "map": ".code"
                }
              ]
            }
          },
          {
            "path": "Questionnaire.group.text",
            "definition": {
              "short": "Additional text for the group",
              "formal": "Additional text for the group, used for display purposes.",
              "min": 0,
              "max": "1",
              "type": [
                {
                  "code": "string"
                }
              ],
              "isModifier": false,
              "mapping": [
                {
                  "identity": "rim",
                  "map": ".text"
                }
              ]
            }
          },
          {
            "path": "Questionnaire.group.required",
            "definition": {
              "short": "Must group be included in data results?",
              "formal": "If true, indicates that the group must be present and have required questions within it answered.  If false, the group may be skipped when answering the questionnaire.",
              "min": 1,
              "max": "1",
              "type": [
                {
                  "code": "boolean"
                }
              ],
              "isModifier": false,
              "mapping": [
                {
                  "identity": "rim",
                  "map": "Not supported - MIF/templating layer"
                }
              ]
            }
          },
          {
            "path": "Questionnaire.group.repeats",
            "definition": {
              "short": "Whether the group may repeat",
              "formal": "Whether the group may occur multiple times in the instance, containing multiple sets of answers.",
              "comments": "When repeats is not given, false is assumed.",
              "min": 1,
              "max": "1",
              "type": [
                {
                  "code": "boolean"
                }
              ],
              "isModifier": false,
              "mapping": [
                {
                  "identity": "rim",
                  "map": "Not supported - MIF/templating layer"
                }
              ]
            }
          },
          {
            "path": "Questionnaire.group.group",
            "definition": {
              "short": "Nested questionnaire group",
              "formal": "A sub-group within a group. The ordering of groups within this group is relevant.",
              "min": 0,
              "max": "*",
              "nameReference": "Questionnaire.group",
              "isModifier": false,
              "mapping": [
                {
                  "identity": "rim",
                  "map": ".outboundRelationship[typeCode=COMP].target[classCode=DOCSECT, moodCode=EVN]"
                }
              ]
            }
          },
          {
            "path": "Questionnaire.group.question",
            "definition": {
              "short": "Questions in this group",
              "formal": "Set of questions within this group. The order of questions within the group is relevant.",
              "min": 0,
              "max": "*",
              "type": [
                {
                  "code": "=Question"
                }
              ],
              "isModifier": false,
              "mapping": [
                {
                  "identity": "rim",
                  "map": ".outboundRelationship[typeCode=COMP].target[classCode=OBS, moodCode=EVN or DEF]"
                }
              ]
            }
          },
          {
            "path": "Questionnaire.group.question.extension",
            "slicing": {
              "discriminator": "url",
              "rules": "open"
            },
            "definition": {
              "short": "Additional Content defined by implementations",
              "formal": "May be used to represent additional information that is not part of the basic definition of the resource. In order to make the use of extensions safe and manageable, there is a strict governance applied to the definition and use of extensions. Though any implementer is allowed to define an extension, there is a set of requirements that SHALL be met as part of the definition of the extension.",
              "comments": "there can be no stigma associated with the use of extensions by any application, project, or standard - regardless of the institution or jurisdiction that uses or defines the extensions.  The use of extensions is what allows the FHIR specification to retain a core simplicity for everyone.",
              "synonym": [
                "extensions",
                "user content"
              ],
              "min": 0,
              "max": "*",
              "type": [
                {
                  "code": "Extension"
                }
              ]
            }
          },
          {
            "path": "Questionnaire.group.question.extension",
            "definition": {
              "short": "Additional Content defined by implementations",
              "formal": "May be used to represent additional information that is not part of the basic definition of the resource. In order to make the use of extensions safe and manageable, there is a strict governance applied to the definition and use of extensions. Though any implementer is allowed to define an extension, there is a set of requirements that SHALL be met as part of the definition of the extension.",
              "comments": "there can be no stigma associated with the use of extensions by any application, project, or standard - regardless of the institution or jurisdiction that uses or defines the extensions.  The use of extensions is what allows the FHIR specification to retain a core simplicity for everyone.",
              "synonym": [
                "extensions",
                "user content"
              ],
              "min": 0,
              "max": "1",
              "type": [
                {
                  "code": "ResourceReference",
                  "profile": "http://hl7.org/fhir/Profile/questionnaire-extensions#minOccurs"
                }
              ]
            }
          },
          {
            "path": "Questionnaire.group.question.extension",
            "definition": {
              "short": "Additional Content defined by implementations",
              "formal": "May be used to represent additional information that is not part of the basic definition of the resource. In order to make the use of extensions safe and manageable, there is a strict governance applied to the definition and use of extensions. Though any implementer is allowed to define an extension, there is a set of requirements that SHALL be met as part of the definition of the extension.",
              "comments": "there can be no stigma associated with the use of extensions by any application, project, or standard - regardless of the institution or jurisdiction that uses or defines the extensions.  The use of extensions is what allows the FHIR specification to retain a core simplicity for everyone.",
              "synonym": [
                "extensions",
                "user content"
              ],
              "min": 0,
              "max": "1",
              "type": [
                {
                  "code": "ResourceReference",
                  "profile": "http://hl7.org/fhir/Profile/questionnaire-extensions#maxOccurs"
                }
              ]
            }
          },
          {
            "path": "Questionnaire.group.question.extension",
            "definition": {
              "short": "Additional Content defined by implementations",
              "formal": "May be used to represent additional information that is not part of the basic definition of the resource. In order to make the use of extensions safe and manageable, there is a strict governance applied to the definition and use of extensions. Though any implementer is allowed to define an extension, there is a set of requirements that SHALL be met as part of the definition of the extension.",
              "comments": "there can be no stigma associated with the use of extensions by any application, project, or standard - regardless of the institution or jurisdiction that uses or defines the extensions.  The use of extensions is what allows the FHIR specification to retain a core simplicity for everyone.",
              "synonym": [
                "extensions",
                "user content"
              ],
              "min": 0,
              "max": "1",
              "type": [
                {
                  "code": "ResourceReference",
                  "profile": "http://hl7.org/fhir/Profile/questionnaire-extensions#label"
                }
              ]
            }
          },
          {
            "path": "Questionnaire.group.question.extension",
            "definition": {
              "short": "Additional Content defined by implementations",
              "formal": "May be used to represent additional information that is not part of the basic definition of the resource. In order to make the use of extensions safe and manageable, there is a strict governance applied to the definition and use of extensions. Though any implementer is allowed to define an extension, there is a set of requirements that SHALL be met as part of the definition of the extension.",
              "comments": "there can be no stigma associated with the use of extensions by any application, project, or standard - regardless of the institution or jurisdiction that uses or defines the extensions.  The use of extensions is what allows the FHIR specification to retain a core simplicity for everyone.",
              "synonym": [
                "extensions",
                "user content"
              ],
              "min": 0,
              "max": "*",
              "type": [
                {
                  "code": "ResourceReference",
                  "profile": "#additionalQuestionText"
                }
              ]
            }
          },
          {
            "path": "Questionnaire.group.question.extension",
            "definition": {
              "short": "Additional Content defined by implementations",
              "formal": "May be used to represent additional information that is not part of the basic definition of the resource. In order to make the use of extensions safe and manageable, there is a strict governance applied to the definition and use of extensions. Though any implementer is allowed to define an extension, there is a set of requirements that SHALL be met as part of the definition of the extension.",
              "comments": "there can be no stigma associated with the use of extensions by any application, project, or standard - regardless of the institution or jurisdiction that uses or defines the extensions.  The use of extensions is what allows the FHIR specification to retain a core simplicity for everyone.",
              "synonym": [
                "extensions",
                "user content"
              ],
              "min": 0,
              "max": "*",
              "type": [
                {
                  "code": "ResourceReference",
                  "profile": "http://hl7.org/fhir/Profile/questionnaire-extensions#enableWhen"
                }
              ]
            }
          },
          {
            "path": "Questionnaire.group.question.extension",
            "definition": {
              "short": "Additional Content defined by implementations",
              "formal": "May be used to represent additional information that is not part of the basic definition of the resource. In order to make the use of extensions safe and manageable, there is a strict governance applied to the definition and use of extensions. Though any implementer is allowed to define an extension, there is a set of requirements that SHALL be met as part of the definition of the extension.",
              "comments": "there can be no stigma associated with the use of extensions by any application, project, or standard - regardless of the institution or jurisdiction that uses or defines the extensions.  The use of extensions is what allows the FHIR specification to retain a core simplicity for everyone.",
              "synonym": [
                "extensions",
                "user content"
              ],
              "min": 0,
              "max": "1",
              "type": [
                {
                  "code": "ResourceReference",
                  "profile": "http://hl7.org/fhir/Profile/questionnaire-extensions#hidden"
                }
              ]
            }
          },
          {
            "path": "Questionnaire.group.question.extension",
            "definition": {
              "short": "Additional Content defined by implementations",
              "formal": "May be used to represent additional information that is not part of the basic definition of the resource. In order to make the use of extensions safe and manageable, there is a strict governance applied to the definition and use of extensions. Though any implementer is allowed to define an extension, there is a set of requirements that SHALL be met as part of the definition of the extension.",
              "comments": "there can be no stigma associated with the use of extensions by any application, project, or standard - regardless of the institution or jurisdiction that uses or defines the extensions.  The use of extensions is what allows the FHIR specification to retain a core simplicity for everyone.",
              "synonym": [
                "extensions",
                "user content"
              ],
              "min": 0,
              "max": "1",
              "type": [
                {
                  "code": "ResourceReference",
                  "profile": "http://hl7.org/fhir/Profile/questionnaire-extensions#defaultValue"
                }
              ]
            }
          },
          {
            "path": "Questionnaire.group.question.extension",
            "definition": {
              "short": "Additional Content defined by implementations",
              "formal": "May be used to represent additional information that is not part of the basic definition of the resource. In order to make the use of extensions safe and manageable, there is a strict governance applied to the definition and use of extensions. Though any implementer is allowed to define an extension, there is a set of requirements that SHALL be met as part of the definition of the extension.",
              "comments": "there can be no stigma associated with the use of extensions by any application, project, or standard - regardless of the institution or jurisdiction that uses or defines the extensions.  The use of extensions is what allows the FHIR specification to retain a core simplicity for everyone.",
              "synonym": [
                "extensions",
                "user content"
              ],
              "min": 0,
              "max": "1",
              "type": [
                {
                  "code": "ResourceReference",
                  "profile": "http://hl7.org/fhir/Profile/questionnaire-extensions#defaultAsFixed"
                }
              ]
            }
          },
          {
            "path": "Questionnaire.group.question.extension",
            "definition": {
              "short": "Additional Content defined by implementations",
              "formal": "May be used to represent additional information that is not part of the basic definition of the resource. In order to make the use of extensions safe and manageable, there is a strict governance applied to the definition and use of extensions. Though any implementer is allowed to define an extension, there is a set of requirements that SHALL be met as part of the definition of the extension.",
              "comments": "there can be no stigma associated with the use of extensions by any application, project, or standard - regardless of the institution or jurisdiction that uses or defines the extensions.  The use of extensions is what allows the FHIR specification to retain a core simplicity for everyone.",
              "synonym": [
                "extensions",
                "user content"
              ],
              "min": 0,
              "max": "1",
              "type": [
                {
                  "code": "ResourceReference",
                  "profile": "http://hl7.org/fhir/Profile/element-extensions#minLength"
                }
              ]
            }
          },
          {
            "path": "Questionnaire.group.question.extension",
            "definition": {
              "short": "Additional Content defined by implementations",
              "formal": "May be used to represent additional information that is not part of the basic definition of the resource. In order to make the use of extensions safe and manageable, there is a strict governance applied to the definition and use of extensions. Though any implementer is allowed to define an extension, there is a set of requirements that SHALL be met as part of the definition of the extension.",
              "comments": "there can be no stigma associated with the use of extensions by any application, project, or standard - regardless of the institution or jurisdiction that uses or defines the extensions.  The use of extensions is what allows the FHIR specification to retain a core simplicity for everyone.",
              "synonym": [
                "extensions",
                "user content"
              ],
              "min": 0,
              "max": "1",
              "type": [
                {
                  "code": "ResourceReference",
                  "profile": "http://hl7.org/fhir/Profile/element-extensions#maxLength"
                }
              ]
            }
          },
          {
            "path": "Questionnaire.group.question.extension",
            "definition": {
              "short": "Additional Content defined by implementations",
              "formal": "May be used to represent additional information that is not part of the basic definition of the resource. In order to make the use of extensions safe and manageable, there is a strict governance applied to the definition and use of extensions. Though any implementer is allowed to define an extension, there is a set of requirements that SHALL be met as part of the definition of the extension.",
              "comments": "there can be no stigma associated with the use of extensions by any application, project, or standard - regardless of the institution or jurisdiction that uses or defines the extensions.  The use of extensions is what allows the FHIR specification to retain a core simplicity for everyone.",
              "synonym": [
                "extensions",
                "user content"
              ],
              "min": 0,
              "max": "1",
              "type": [
                {
                  "code": "ResourceReference",
                  "profile": "http://hl7.org/fhir/Profile/element-extensions#regex"
                }
              ]
            }
          },
          {
            "path": "Questionnaire.group.question.extension",
            "definition": {
              "short": "Additional Content defined by implementations",
              "formal": "May be used to represent additional information that is not part of the basic definition of the resource. In order to make the use of extensions safe and manageable, there is a strict governance applied to the definition and use of extensions. Though any implementer is allowed to define an extension, there is a set of requirements that SHALL be met as part of the definition of the extension.",
              "comments": "there can be no stigma associated with the use of extensions by any application, project, or standard - regardless of the institution or jurisdiction that uses or defines the extensions.  The use of extensions is what allows the FHIR specification to retain a core simplicity for everyone.",
              "synonym": [
                "extensions",
                "user content"
              ],
              "min": 0,
              "max": "1",
              "type": [
                {
                  "code": "ResourceReference",
                  "profile": "http://hl7.org/fhir/Profile/element-extensions#entryFormat"
                }
              ]
            }
          },
          {
            "path": "Questionnaire.group.question.extension",
            "definition": {
              "short": "Additional Content defined by implementations",
              "formal": "May be used to represent additional information that is not part of the basic definition of the resource. In order to make the use of extensions safe and manageable, there is a strict governance applied to the definition and use of extensions. Though any implementer is allowed to define an extension, there is a set of requirements that SHALL be met as part of the definition of the extension.",
              "comments": "there can be no stigma associated with the use of extensions by any application, project, or standard - regardless of the institution or jurisdiction that uses or defines the extensions.  The use of extensions is what allows the FHIR specification to retain a core simplicity for everyone.",
              "synonym": [
                "extensions",
                "user content"
              ],
              "min": 0,
              "max": "1",
              "type": [
                {
                  "code": "ResourceReference",
                  "profile": "http://hl7.org/fhir/Profile/element-extensions#minValue"
                }
              ]
            }
          },
          {
            "path": "Questionnaire.group.question.extension",
            "definition": {
              "short": "Additional Content defined by implementations",
              "formal": "May be used to represent additional information that is not part of the basic definition of the resource. In order to make the use of extensions safe and manageable, there is a strict governance applied to the definition and use of extensions. Though any implementer is allowed to define an extension, there is a set of requirements that SHALL be met as part of the definition of the extension.",
              "comments": "there can be no stigma associated with the use of extensions by any application, project, or standard - regardless of the institution or jurisdiction that uses or defines the extensions.  The use of extensions is what allows the FHIR specification to retain a core simplicity for everyone.",
              "synonym": [
                "extensions",
                "user content"
              ],
              "min": 0,
              "max": "1",
              "type": [
                {
                  "code": "ResourceReference",
                  "profile": "http://hl7.org/fhir/Profile/element-extensions#maxValue"
                }
              ]
            }
          },
          {
            "path": "Questionnaire.group.question.extension",
            "definition": {
              "short": "Additional Content defined by implementations",
              "formal": "May be used to represent additional information that is not part of the basic definition of the resource. In order to make the use of extensions safe and manageable, there is a strict governance applied to the definition and use of extensions. Though any implementer is allowed to define an extension, there is a set of requirements that SHALL be met as part of the definition of the extension.",
              "comments": "there can be no stigma associated with the use of extensions by any application, project, or standard - regardless of the institution or jurisdiction that uses or defines the extensions.  The use of extensions is what allows the FHIR specification to retain a core simplicity for everyone.",
              "synonym": [
                "extensions",
                "user content"
              ],
              "min": 0,
              "max": "1",
              "type": [
                {
                  "code": "ResourceReference",
                  "profile": "http://hl7.org/fhir/Profile/element-extensions#maxDecimalPlaces"
                }
              ]
            }
          },
          {
            "path": "Questionnaire.group.question.extension",
            "definition": {
              "short": "Additional Content defined by implementations",
              "formal": "May be used to represent additional information that is not part of the basic definition of the resource. In order to make the use of extensions safe and manageable, there is a strict governance applied to the definition and use of extensions. Though any implementer is allowed to define an extension, there is a set of requirements that SHALL be met as part of the definition of the extension.",
              "comments": "there can be no stigma associated with the use of extensions by any application, project, or standard - regardless of the institution or jurisdiction that uses or defines the extensions.  The use of extensions is what allows the FHIR specification to retain a core simplicity for everyone.",
              "synonym": [
                "extensions",
                "user content"
              ],
              "min": 0,
              "max": "1",
              "type": [
                {
                  "code": "ResourceReference",
                  "profile": "http://hl7.org/fhir/Profile/questionnaire-extensions#deReference"
                }
              ]
            }
          },
          {
            "path": "Questionnaire.group.question.modifierExtension",
            "definition": {
              "short": "Extensions that cannot be ignored",
              "formal": "May be used to represent additional information that is not part of the basic definition of the resource, and that modifies the understanding of the element that contains it. Usually modifier elements provide negation or qualification. In order to make the use of extensions safe and manageable, there is a strict governance applied to the definition and use of extensions. Though any implementer is allowed to define an extension, there is a set of requirements that SHALL be met as part of the definition of the extension. Applications processing a resource are required to check for modifier extensions.",
              "comments": "there can be no stigma associated with the use of extensions by any application, project, or standard - regardless of the institution or jurisdiction that uses or defines the extensions.  The use of extensions is what allows the FHIR specification to retain a core simplicity for everyone.",
              "synonym": [
                "extensions",
                "user content"
              ],
              "min": 0,
              "max": "*",
              "type": [
                {
                  "code": "Extension"
                }
              ]
            }
          },
          {
            "path": "Questionnaire.group.question.linkId",
            "definition": {
              "short": "To link questionnaire with questionnaire answers",
              "formal": "A unique identifiers within the questionnaire allowing linkage to the equivalent group in a QuestionnaireData resource.",
              "comments": "May be omitted if there is no expectation to link answers back to a questionnaire.",
              "min": 1,
              "max": "1",
              "type": [
                {
                  "code": "string"
                }
              ],
              "isModifier": false,
              "mapping": [
                {
                  "identity": "rim",
                  "map": ".id"
                }
              ]
            }
          },
          {
            "path": "Questionnaire.group.question.concept",
            "definition": {
              "short": "Concept that represents this section on a questionnaire",
              "formal": "Identifies a how this group of questions is known in a particular terminology such as LOINC.",
              "min": 0,
              "max": "*",
              "type": [
                {
                  "code": "Coding"
                }
              ],
              "isModifier": false,
              "mapping": [
                {
                  "identity": "rim",
                  "map": ".code"
                }
              ]
            }
          },
          {
            "path": "Questionnaire.group.question.text",
            "definition": {
              "short": "Text of the question as it is shown to the user",
              "formal": "Text of the question as it is shown to the user.",
              "min": 1,
              "max": "1",
              "type": [
                {
                  "code": "string"
                }
              ],
              "isModifier": false,
              "mapping": [
                {
                  "identity": "rim",
                  "map": ".code.display"
                }
              ]
            }
          },
          {
            "path": "Questionnaire.group.question.type",
            "definition": {
              "short": "decimal | integer | boolean | date | string +",
              "formal": "The expected format of the answer, e.g. the type of input (string, integer) or whether a (multiple)choice is expected.",
              "comments": "Time is handled using \"string\".  File is handled using Attachment.  (content can be sent as a contained binary).",
              "min": 1,
              "max": "1",
              "type": [
                {
                  "code": "code"
                }
              ],
              "isModifier": false,
              "binding": {
                "name": "AnswerFormat",
                "isExtensible": false,
                "description": "The expected format of an answer",
                "referenceResource": {
                  "reference": "http://hl7.org/fhir/vs/answer-format"
                }
              },
              "mapping": [
                {
                  "identity": "rim",
                  "map": "N/A - MIF rather than RIM level"
                }
              ]
            }
          },
          {
            "path": "Questionnaire.group.question.required",
            "definition": {
              "short": "Must group be included in data results?",
              "formal": "If true, indicates that the group must be present and have required questions within it answered.  If false, the group may be skipped when answering the questionnaire.",
              "min": 0,
              "max": "1",
              "type": [
                {
                  "code": "boolean"
                }
              ],
              "isModifier": false,
              "mapping": [
                {
                  "identity": "rim",
                  "map": "Not supported - MIF/templating layer"
                }
              ]
            }
          },
          {
            "path": "Questionnaire.group.question.repeats",
            "definition": {
              "short": "Whether the group may repeat",
              "formal": "Whether the group may occur multiple times in the instance, containing multiple sets of answers.",
              "comments": "When repeats is not given, false is assumed.",
              "min": 0,
              "max": "1",
              "type": [
                {
                  "code": "boolean"
                }
              ],
              "isModifier": false,
              "mapping": [
                {
                  "identity": "rim",
                  "map": "Not supported - MIF/templating layer"
                }
              ]
            }
          },
          {
            "path": "Questionnaire.group.question.options",
            "definition": {
              "short": "Valueset containing the possible options",
              "formal": "Reference to a valueset containing the possible options.",
              "min": 0,
              "max": "1",
              "type": [
                {
                  "code": "ResourceReference",
                  "profile": "http://hl7.org/fhir/Profile/ValueSet"
                }
              ],
              "isModifier": false,
              "mapping": [
                {
                  "identity": "rim",
                  "map": "Not supported - MIF/templating layer to capture value set"
                }
              ]
            }
          },
          {
            "path": "Questionnaire.group.question.group",
            "definition": {
              "short": "Nested questionnaire group",
              "formal": "Nested group, containing nested question for this question. The order of groups within the question is relevant.",
              "min": 0,
              "max": "*",
              "nameReference": "Questionnaire.group",
              "isModifier": false,
              "mapping": [
                {
                  "identity": "rim",
                  "map": ".outboundRelationship[typeCode=COMP].target[classCode=DOCSECT, moodCode=EVN]"
                }
              ]
            }
          }
        ]
      },
      "differential": {
        "element": [
          {
            "path": "Questionnaire",
            "name": "StructuredDataCaptureForm",
            "definition": {
              "min": 1,
              "max": "1",
              "type": [
                {
                  "code": "Resource"
                }
              ],
              "isModifier": false
            }
          },
          {
            "path": "Questionnaire.extension",
            "slicing": {
              "discriminator": "url",
              "rules": "open"
            }
          },
          {
            "path": "Questionnaire.extension",
            "name": "submissionEndpoint",
            "definition": {
              "min": 0,
              "max": "*",
              "type": [
                {
                  "code": "ResourceReference",
                  "profile": "#endpoint"
                }
              ],
              "isModifier": false
            }
          },
          {
            "path": "Questionnaire.identifier",
            "definition": {
              "min": 0,
              "max": "*",
              "type": [
                {
                  "code": "Identifier"
                }
              ],
              "isModifier": false
            }
          },
          {
            "path": "Questionnaire.version",
            "definition": {
              "min": 0,
              "max": "1",
              "type": [
                {
                  "code": "string"
                }
              ],
              "isModifier": false
            }
          },
          {
            "path": "Questionnaire.status",
            "definition": {
              "min": 1,
              "max": "1",
              "type": [
                {
                  "code": "code"
                }
              ],
              "isModifier": true,
              "binding": {
                "name": "QuestionnaireStatus",
                "isExtensible": false,
                "description": "Lifecycle status of the questionnaire",
                "referenceResource": {
                  "reference": "http://hl7.org/fhir/vs/questionnaire-status"
                }
              }
            }
          },
          {
            "path": "Questionnaire.date",
            "definition": {
              "short": "Identifies when this version of the form was created.  Changes whenever the form is updated.",
              "formal": "Identifies when this version of the form was created.  Changes whenever the form is updated.",
              "min": 1,
              "max": "1",
              "type": [
                {
                  "code": "date"
                }
              ],
              "isModifier": false
            }
          },
          {
            "path": "Questionnaire.publisher",
            "definition": {
              "min": 0,
              "max": "1",
              "type": [
                {
                  "code": "string"
                }
              ],
              "isModifier": false
            }
          },
          {
            "path": "Questionnaire.group",
            "definition": {
              "min": 1,
              "max": "1",
              "type": [
                {
                  "code": "=Group"
                }
              ],
              "isModifier": false
            }
          },
          {
            "path": "Questionnaire.group.extension",
            "slicing": {
              "discriminator": "url",
              "rules": "open"
            }
          },
          {
            "path": "Questionnaire.group.extension",
            "name": "groupLabel",
            "definition": {
              "min": 0,
              "max": "1",
              "type": [
                {
                  "code": "ResourceReference",
                  "profile": "http://hl7.org/fhir/Profile/questionnaire-extensions#label"
                }
              ],
              "isModifier": false
            }
          },
          {
            "path": "Questionnaire.group.extension",
            "name": "additionalGroupText",
            "definition": {
              "min": 0,
              "max": "*",
              "type": [
                {
                  "code": "ResourceReference",
                  "profile": "#additionalGroupText"
                }
              ],
              "isModifier": false
            }
          },
          {
            "path": "Questionnaire.group.extension",
            "name": "questionEnableWhen",
            "definition": {
              "min": 0,
              "max": "*",
              "type": [
                {
                  "code": "ResourceReference",
                  "profile": "http://hl7.org/fhir/Profile/questionnaire-extensions#enableWhen"
                }
              ],
              "isModifier": false
            }
          },
          {
            "path": "Questionnaire.group.extension",
            "name": "hidden",
            "definition": {
              "min": 0,
              "max": "1",
              "type": [
                {
                  "code": "ResourceReference",
                  "profile": "http://hl7.org/fhir/Profile/questionnaire-extensions#hidden"
                }
              ],
              "isModifier": false
            }
          },
          {
            "path": "Questionnaire.group.extension",
            "name": "groupMinOccurs",
            "definition": {
              "min": 0,
              "max": "1",
              "type": [
                {
                  "code": "ResourceReference",
                  "profile": "http://hl7.org/fhir/Profile/questionnaire-extensions#minOccurs"
                }
              ],
              "isModifier": false
            }
          },
          {
            "path": "Questionnaire.group.extension",
            "name": "groupMaxOccurs",
            "definition": {
              "min": 0,
              "max": "1",
              "type": [
                {
                  "code": "ResourceReference",
                  "profile": "http://hl7.org/fhir/Profile/questionnaire-extensions#maxOccurs"
                }
              ],
              "isModifier": false
            }
          },
          {
            "path": "Questionnaire.group.extension",
            "name": "specialGroup",
            "definition": {
              "comments": "Are there form rendering mechanisms where it would be unreasonable to require systems to support this extension?.",
              "min": 0,
              "max": "1",
              "type": [
                {
                  "code": "ResourceReference",
                  "profile": "#specialGroup"
                }
              ],
              "isModifier": false
            }
          },
          {
            "path": "Questionnaire.group.linkId",
            "definition": {
              "min": 1,
              "max": "1",
              "type": [
                {
                  "code": "string"
                }
              ],
              "isModifier": false
            }
          },
          {
            "path": "Questionnaire.group.title",
            "definition": {
              "min": 0,
              "max": "1",
              "type": [
                {
                  "code": "string"
                }
              ],
              "isModifier": false
            }
          },
          {
            "path": "Questionnaire.group.title.extension",
            "slicing": {
              "discriminator": "url",
              "rules": "open"
            }
          },
          {
            "path": "Questionnaire.group.title.extension",
            "name": "groupTitle.renderingStyle",
            "definition": {
              "min": 0,
              "max": "*",
              "type": [
                {
                  "code": "ResourceReference",
                  "profile": "http://hl7.org/fhir/Profile/rendering-extensions#style"
                }
              ],
              "isModifier": false
            }
          },
          {
            "path": "Questionnaire.group.concept",
            "definition": {
              "min": 0,
              "max": "*",
              "type": [
                {
                  "code": "Coding"
                }
              ],
              "isModifier": false
            }
          },
          {
            "path": "Questionnaire.group.text",
            "definition": {
              "min": 0,
              "max": "1",
              "type": [
                {
                  "code": "string"
                }
              ],
              "isModifier": false
            }
          },
          {
            "path": "Questionnaire.group.required",
            "definition": {
              "min": 1,
              "max": "1",
              "type": [
                {
                  "code": "boolean"
                }
              ],
              "isModifier": false
            }
          },
          {
            "path": "Questionnaire.group.repeats",
            "definition": {
              "min": 1,
              "max": "1",
              "type": [
                {
                  "code": "boolean"
                }
              ],
              "isModifier": false
            }
          },
          {
            "path": "Questionnaire.group.group",
            "definition": {
              "min": 0,
              "max": "*",
              "nameReference": "Questionnaire.group",
              "isModifier": false
            }
          },
          {
            "path": "Questionnaire.group.question",
            "definition": {
              "min": 0,
              "max": "*",
              "type": [
                {
                  "code": "=Question"
                }
              ],
              "isModifier": false
            }
          },
          {
            "path": "Questionnaire.group.question.extension",
            "slicing": {
              "discriminator": "url",
              "rules": "open"
            }
          },
          {
            "path": "Questionnaire.group.question.extension",
            "name": "questionMinOccurs",
            "definition": {
              "min": 0,
              "max": "1",
              "type": [
                {
                  "code": "ResourceReference",
                  "profile": "http://hl7.org/fhir/Profile/questionnaire-extensions#minOccurs"
                }
              ],
              "isModifier": false
            }
          },
          {
            "path": "Questionnaire.group.question.extension",
            "name": "questionMaxOccurs",
            "definition": {
              "min": 0,
              "max": "1",
              "type": [
                {
                  "code": "ResourceReference",
                  "profile": "http://hl7.org/fhir/Profile/questionnaire-extensions#maxOccurs"
                }
              ],
              "isModifier": false
            }
          },
          {
            "path": "Questionnaire.group.question.extension",
            "name": "questionLabel",
            "definition": {
              "min": 0,
              "max": "1",
              "type": [
                {
                  "code": "ResourceReference",
                  "profile": "http://hl7.org/fhir/Profile/questionnaire-extensions#label"
                }
              ],
              "isModifier": false
            }
          },
          {
            "path": "Questionnaire.group.question.extension",
            "name": "additionalQuestionText",
            "definition": {
              "min": 0,
              "max": "*",
              "type": [
                {
                  "code": "ResourceReference",
                  "profile": "#additionalQuestionText"
                }
              ],
              "isModifier": false
            }
          },
          {
            "path": "Questionnaire.group.question.extension",
            "name": "questionEnableWhen",
            "definition": {
              "min": 0,
              "max": "*",
              "type": [
                {
                  "code": "ResourceReference",
                  "profile": "http://hl7.org/fhir/Profile/questionnaire-extensions#enableWhen"
                }
              ],
              "isModifier": false
            }
          },
          {
            "path": "Questionnaire.group.question.extension",
            "name": "hidden",
            "definition": {
              "min": 0,
              "max": "1",
              "type": [
                {
                  "code": "ResourceReference",
                  "profile": "http://hl7.org/fhir/Profile/questionnaire-extensions#hidden"
                }
              ],
              "isModifier": false
            }
          },
          {
            "path": "Questionnaire.group.question.extension",
            "name": "defaultValue",
            "definition": {
              "min": 0,
              "max": "1",
              "type": [
                {
                  "code": "ResourceReference",
                  "profile": "http://hl7.org/fhir/Profile/questionnaire-extensions#defaultValue"
                }
              ],
              "isModifier": false
            }
          },
          {
            "path": "Questionnaire.group.question.extension",
            "name": "defaultAsFixed",
            "definition": {
              "min": 0,
              "max": "1",
              "type": [
                {
                  "code": "ResourceReference",
                  "profile": "http://hl7.org/fhir/Profile/questionnaire-extensions#defaultAsFixed"
                }
              ],
              "isModifier": false
            }
          },
          {
            "path": "Questionnaire.group.question.extension",
            "name": "minLength",
            "definition": {
              "min": 0,
              "max": "1",
              "type": [
                {
                  "code": "ResourceReference",
                  "profile": "http://hl7.org/fhir/Profile/element-extensions#minLength"
                }
              ],
              "isModifier": false
            }
          },
          {
            "path": "Questionnaire.group.question.extension",
            "name": "maxLength",
            "definition": {
              "min": 0,
              "max": "1",
              "type": [
                {
                  "code": "ResourceReference",
                  "profile": "http://hl7.org/fhir/Profile/element-extensions#maxLength"
                }
              ],
              "isModifier": false
            }
          },
          {
            "path": "Questionnaire.group.question.extension",
            "name": "regex",
            "definition": {
              "min": 0,
              "max": "1",
              "type": [
                {
                  "code": "ResourceReference",
                  "profile": "http://hl7.org/fhir/Profile/element-extensions#regex"
                }
              ],
              "isModifier": false
            }
          },
          {
            "path": "Questionnaire.group.question.extension",
            "name": "entryFormat",
            "definition": {
              "min": 0,
              "max": "1",
              "type": [
                {
                  "code": "ResourceReference",
                  "profile": "http://hl7.org/fhir/Profile/element-extensions#entryFormat"
                }
              ],
              "isModifier": false
            }
          },
          {
            "path": "Questionnaire.group.question.extension",
            "name": "minValue",
            "definition": {
              "min": 0,
              "max": "1",
              "type": [
                {
                  "code": "ResourceReference",
                  "profile": "http://hl7.org/fhir/Profile/element-extensions#minValue"
                }
              ],
              "isModifier": false
            }
          },
          {
            "path": "Questionnaire.group.question.extension",
            "name": "maxValue",
            "definition": {
              "min": 0,
              "max": "1",
              "type": [
                {
                  "code": "ResourceReference",
                  "profile": "http://hl7.org/fhir/Profile/element-extensions#maxValue"
                }
              ],
              "isModifier": false
            }
          },
          {
            "path": "Questionnaire.group.question.extension",
            "name": "maxDecimalPlaces",
            "definition": {
              "min": 0,
              "max": "1",
              "type": [
                {
                  "code": "ResourceReference",
                  "profile": "http://hl7.org/fhir/Profile/element-extensions#maxDecimalPlaces"
                }
              ],
              "isModifier": false
            }
          },
          {
            "path": "Questionnaire.group.question.extension",
            "name": "deReference",
            "definition": {
              "min": 0,
              "max": "1",
              "type": [
                {
                  "code": "ResourceReference",
                  "profile": "http://hl7.org/fhir/Profile/questionnaire-extensions#deReference"
                }
              ],
              "isModifier": false
            }
          },
          {
            "path": "Questionnaire.group.question.extension.extension",
            "slicing": {
              "discriminator": "url",
              "rules": "open"
            }
          },
          {
            "path": "Questionnaire.group.question.extension.extension",
            "name": "questionText.renderingStyle",
            "definition": {
              "min": 0,
              "max": "*",
              "type": [
                {
                  "code": "ResourceReference",
                  "profile": "http://hl7.org/fhir/Profile/rendering-extensions#style"
                }
              ],
              "isModifier": false
            }
          },
          {
            "path": "Questionnaire.group.question.linkId",
            "definition": {
              "min": 1,
              "max": "1",
              "type": [
                {
                  "code": "string"
                }
              ],
              "isModifier": false
            }
          },
          {
            "path": "Questionnaire.group.question.concept",
            "definition": {
              "min": 0,
              "max": "*",
              "type": [
                {
                  "code": "Coding"
                }
              ],
              "isModifier": false
            }
          },
          {
            "path": "Questionnaire.group.question.text",
            "definition": {
              "min": 1,
              "max": "1",
              "type": [
                {
                  "code": "string"
                }
              ],
              "isModifier": false
            }
          },
          {
            "path": "Questionnaire.group.question.type",
            "definition": {
              "comments": "Time is handled using \"string\".  File is handled using Attachment.  (content can be sent as a contained binary).",
              "min": 1,
              "max": "1",
              "type": [
                {
                  "code": "code"
                }
              ],
              "isModifier": false
            }
          },
          {
            "path": "Questionnaire.group.question.required",
            "definition": {
              "min": 0,
              "max": "1",
              "type": [
                {
                  "code": "boolean"
                }
              ],
              "isModifier": false
            }
          },
          {
            "path": "Questionnaire.group.question.repeats",
            "definition": {
              "min": 0,
              "max": "1",
              "type": [
                {
                  "code": "boolean"
                }
              ],
              "isModifier": false
            }
          },
          {
            "path": "Questionnaire.group.question.options",
            "definition": {
              "min": 0,
              "max": "1",
              "type": [
                {
                  "code": "ResourceReference",
                  "profile": "http://hl7.org/fhir/Profile/ValueSet"
                }
              ],
              "isModifier": false
            }
          },
          {
            "path": "Questionnaire.group.question.group",
            "definition": {
              "min": 0,
              "max": "*",
              "nameReference": "Questionnaire.group",
              "isModifier": false
            }
          }
        ]
      }
    }
  ],
  "extensionDefn": [
    {
      "code": "securityPrivacy",
      "display": "Privacy & security guidance",
      "contextType": "resource",
      "context": [
        "Questionnaire"
      ],
      "element": [
        {
          "path": "securityPrivacy",
          "definition": {
            "short": "Privacy & security guidance",
            "formal": "Provides rules governing the use of this questionnaire from a privacy and/or security perspective.  E.g. \"confidential when completed\".",
            "comments": "Omission of this extensions doesn't indicate a lack of security or privacy considerations.  They may be reflected in the description or might be implicit in context or workflow.",
            "min": 0,
            "max": "1",
            "type": [
              {
                "code": "string"
              }
            ],
            "mustSupport": false,
            "isModifier": false
          }
        }
      ]
    },
    {
      "code": "endpoint",
      "display": "Where to send answers",
      "contextType": "resource",
      "context": [
        "Questionnaire"
      ],
      "element": [
        {
          "path": "endpoint",
          "definition": {
            "short": "Where to send answers",
            "formal": "The base URL for the server to which questionnaire answers associated with this questionnaire should be submitted.",
            "comments": "Indicates that the form has been designed with an expectation that it will be submitted to the specified URI.  If multiple endpoints are specified, expectation is that answers are submitted to all endpoints.",
            "min": 0,
            "max": "*",
            "type": [
              {
                "code": "url"
              }
            ],
            "mustSupport": false,
            "isModifier": false
          }
        }
      ]
    },
    {
      "code": "specialGroup",
      "display": "header | footer",
      "contextType": "resource",
      "context": [
        "Questionnaire.group",
        "Questionnaire.group.group"
      ],
      "element": [
        {
          "path": "specialGroup",
          "definition": {
            "short": "header | footer",
            "formal": "If specified, indicates that the group should be rendered as a repeating header or footer on each \"page\" of the questionnaire.",
            "comments": "When omitted, sections are presumed to be \"regular\" sections.",
            "min": 0,
            "max": "1",
            "type": [
              {
                "code": "code"
              }
            ],
            "mustSupport": false,
            "isModifier": false,
            "binding": {
              "name": "QuestionnaireGroupSpecialType",
              "isExtensible": false,
              "description": "If specified, indicates that the group should be rendered as a repeating header or footer on each \"page\" of the questionnaire.",
              "referenceResource": {
                "reference": "http://hl7.org/fhir/vs/special-type"
              }
            }
          }
        }
      ]
    },
    {
      "code": "additionalGroupText",
      "display": "Extra text to display for group",
      "contextType": "resource",
      "context": [
        "Questionnaire.group"
      ],
      "element": [
        {
          "path": "additionalGroupText",
          "definition": {
            "short": "Extra text to display for group",
            "formal": "Additional text to display at the group level along with guidance as to what sort of text it is.",
            "min": 0,
            "max": "*",
            "mustSupport": false,
            "isModifier": false
          }
        },
        {
          "path": "additionalGroupText.value",
          "definition": {
            "short": "Text for display",
            "formal": "The additional text to display.",
            "min": 1,
            "max": "1",
            "type": [
              {
                "code": "string"
              }
            ],
            "mustSupport": false,
            "isModifier": false
          }
        },
        {
          "path": "additionalGroupText.type",
          "definition": {
            "short": "Kind of text for display",
            "formal": "Categorizes the type of additional group text.  E.g. \"Tool tip\", \"Help\", \"Trailing text\", etc.",
            "comments": "The type of text may provide guidance for how/when to display the information.",
            "min": 1,
            "max": "1",
            "type": [
              {
                "code": "CodeableConcept"
              }
            ],
            "mustSupport": false,
            "isModifier": false,
            "binding": {
              "name": "QuestionnaireGroupTextType",
              "isExtensible": false,
              "description": "Categorizes the type of additional group text.  E.g. \"Tool tip\", \"Help\", \"Trailing text\", etc.",
              "referenceResource": {
                "reference": "http://hl7.org/fhir/vs/questionnaire-text-type"
              }
            }
          }
        }
      ]
    },
    {
      "code": "additionalQuestionText",
      "display": "Extra text to display for question",
      "contextType": "resource",
      "context": [
        "Questionnaire.group.question"
      ],
      "element": [
        {
          "path": "additionalQuestionText",
          "definition": {
            "short": "Extra text to display for question",
            "formal": "Additional text to display for the question along with guidance as to what sort of text it is.",
            "min": 0,
            "max": "*",
            "mustSupport": false,
            "isModifier": false
          }
        },
        {
          "path": "additionalQuestionText.value",
          "definition": {
            "short": "Text for display",
            "formal": "The additional text to display.",
            "min": 1,
            "max": "1",
            "type": [
              {
                "code": "string"
              }
            ],
            "mustSupport": false,
            "isModifier": false
          }
        },
        {
          "path": "additionalQuestionText.type",
          "definition": {
            "short": "Kind of text for display",
            "formal": "Categorizes the type of additional group text.  E.g. \"Tool tip\", \"Help\", \"Trailing text\", \"Units\" etc.",
            "comments": "The type of text may provide guidance for how/when to display the information.",
            "min": 1,
            "max": "1",
            "type": [
              {
                "code": "CodeableConcept"
              }
            ],
            "mustSupport": false,
            "isModifier": false,
            "binding": {
              "name": "QuestionnaireQuestionTextType",
              "isExtensible": false,
              "description": "Categorizes the type of additional group text.  E.g. \"Tool tip\", \"Help\", \"Trailing text\", \"Units\" etc.",
              "referenceResource": {
                "reference": "http://hl7.org/fhir/vs/questionnaire-question-text-type"
              }
            }
          }
        }
      ]
    }
  ]
}