{
  "resourceType": "ValueSet",
  "text": {
    "status": "generated",
    "div": "<div><h2>SensitivityStatus</h2><p>The status of the adverse sensitivity</p><p>This value set defines its own terms in the system http://hl7.org/fhir/sensitivitystatus</p><table><tr><td><b>Code</b></td><td><b>Display</b></td><td><b>Definition</b></td></tr><tr><td>suspected<a name=\"suspected\"> </a></td><td/><td>A suspected sensitivity to a substance.</td></tr><tr><td>confirmed<a name=\"confirmed\"> </a></td><td/><td>The sensitivity has been confirmed and is active.</td></tr><tr><td>refuted<a name=\"refuted\"> </a></td><td/><td>The sensitivity has been shown to never have existed.</td></tr><tr><td>resolved<a name=\"resolved\"> </a></td><td/><td>The sensitivity used to exist but no longer does.</td></tr></table></div>"
  },
  "identifier": "http://hl7.org/fhir/vs/sensitivitystatus",
  "name": "SensitivityStatus",
  "publisher": "HL7 (FHIR Project)",
  "telecom": [
    {
      "system": "url",
      "value": "http://hl7.org/fhir"
    },
    {
      "system": "email",
      "value": "fhir@lists.hl7.org"
    }
  ],
  "description": "The status of the adverse sensitivity",
  "status": "draft",
  "date": "2014-07-02T16:22:59.905+08:00",
  "define": {
    "system": "http://hl7.org/fhir/sensitivitystatus",
    "caseSensitive": true,
    "concept": [
      {
        "code": "suspected",
        "definition": "A suspected sensitivity to a substance."
      },
      {
        "code": "confirmed",
        "definition": "The sensitivity has been confirmed and is active."
      },
      {
        "code": "refuted",
        "definition": "The sensitivity has been shown to never have existed."
      },
      {
        "code": "resolved",
        "definition": "The sensitivity used to exist but no longer does."
      }
    ]
  }
}