{
  "resourceType": "Profile",
  "text": {
    "status": "generated",
    "div": "<div>to do</div>"
  },
  "url": "http://hl7.org/fhir/Profile/valueset-shareable-spreadsheet",
  "name": "Shareable ValueSet",
  "publisher": "HL7",
  "description": "Enforces the minimum information set for the value set metadata required by HL7 and other organisations that share and publish value sets",
  "status": "draft",
  "date": "2014-07-02T16:21:45.837+08:00",
  "mapping": [
    {
      "identity": "rim",
      "uri": "http://hl7.org/v3",
      "name": "RIM"
    }
  ],
  "structure": [
    {
      "type": "ValueSet",
      "base": "http://hl7.org/fhir/Profile/ValueSet",
      "name": "Definition",
      "publish": true,
      "snapshot": {
        "element": [
          {
            "path": "ValueSet",
            "definition": {
              "short": "A set of codes drawn from one or more code systems",
              "formal": "A value set specifies a set of codes drawn from one or more code systems.",
              "min": 1,
              "max": "1",
              "type": [
                {
                  "code": "Resource"
                }
              ],
              "constraint": [
                {
                  "key": "2",
                  "severity": "error",
                  "human": "A value set with only one import SHALL also have an include and/or an exclude unless the value set defines its own codes",
                  "xpath": "not(exists(f:compose)) or (count(f:compose/f:import)!=1 or exists(f:compose/f:include) or exists(f:compose/f:exclude) or exists(f:define))"
                },
                {
                  "key": "7",
                  "severity": "error",
                  "human": "A defined code system (if present) SHALL have a different identifier to the value set itself",
                  "xpath": "not(exists(f:define)) or (f:define/f:system/@value != f:identifier/@value)"
                },
                {
                  "key": "5",
                  "severity": "error",
                  "human": "Value set SHALL contain either a define, a compose, or an expansion element",
                  "xpath": "exists(f:define) or exists(f:compose) or exists(f:expansion)"
                }
              ],
              "isModifier": false,
              "mapping": [
                {
                  "identity": "rim",
                  "map": "N/A"
                },
                {
                  "identity": "rim",
                  "map": "N/A"
                }
              ]
            }
          },
          {
            "path": "ValueSet.extension",
            "definition": {
              "short": "Additional Content defined by implementations",
              "formal": "May be used to represent additional information that is not part of the basic definition of the resource. In order to make the use of extensions safe and manageable, there is a strict governance applied to the definition and use of extensions. Though any implementer is allowed to define an extension, there is a set of requirements that SHALL be met as part of the definition of the extension.",
              "comments": "there can be no stigma associated with the use of extensions by any application, project, or standard - regardless of the institution or jurisdiction that uses or defines the extensions.  The use of extensions is what allows the FHIR specification to retain a core simplicity for everyone.",
              "synonym": [
                "extensions",
                "user content"
              ],
              "min": 0,
              "max": "*",
              "type": [
                {
                  "code": "Extension"
                }
              ]
            }
          },
          {
            "path": "ValueSet.modifierExtension",
            "definition": {
              "short": "Extensions that cannot be ignored",
              "formal": "May be used to represent additional information that is not part of the basic definition of the resource, and that modifies the understanding of the element that contains it. Usually modifier elements provide negation or qualification. In order to make the use of extensions safe and manageable, there is a strict governance applied to the definition and use of extensions. Though any implementer is allowed to define an extension, there is a set of requirements that SHALL be met as part of the definition of the extension. Applications processing a resource are required to check for modifier extensions.",
              "comments": "there can be no stigma associated with the use of extensions by any application, project, or standard - regardless of the institution or jurisdiction that uses or defines the extensions.  The use of extensions is what allows the FHIR specification to retain a core simplicity for everyone.",
              "synonym": [
                "extensions",
                "user content"
              ],
              "min": 0,
              "max": "*",
              "type": [
                {
                  "code": "Extension"
                }
              ]
            }
          },
          {
            "path": "ValueSet.language",
            "definition": {
              "short": "Language of the resource content",
              "formal": "The base language in which the resource is written.",
              "comments": "Language is provided to support indexing and accessibility (typically, services such as text to speech use the language tag). The html language tag in the narrative applies  to the narrative. The language tag on the resource may be used to specify the language of other presentations generated from the data in the resource\n\nNot all the content has to be in the base language. The Resource.language should not be assumed to apply to the narrative automatically. If a language is specified, it should it also be specified on the div element in the html (see rules in HTML5 for information about the relationship between xml:lang and the html lang attribute).",
              "min": 0,
              "max": "1",
              "type": [
                {
                  "code": "code"
                }
              ]
            }
          },
          {
            "path": "ValueSet.text",
            "definition": {
              "short": "Text summary of the resource, for human interpretation",
              "formal": "A human-readable narrative that contains a summary of the resource, and may be used to represent the content of the resource to a human. The narrative need not encode all the structured data, but is required to contain sufficient detail to make it \"clinically safe\" for a human to just read the narrative. Resource definitions may define what content should be represented in the narrative to ensure clinical safety.",
              "comments": "Contained resources do not have narrative. Resources that are not contained SHOULD have a narrative.",
              "synonym": [
                "narrative",
                "html",
                "xhtml",
                "display"
              ],
              "min": 0,
              "max": "1",
              "type": [
                {
                  "code": "Narrative"
                }
              ]
            }
          },
          {
            "path": "ValueSet.contained",
            "definition": {
              "short": "Contained, inline Resources",
              "formal": "These resources do not have an independent existence apart from the resource that contains them - they cannot be identified independently, and nor can they have their own independent transaction scope.",
              "comments": "This should never be done when the content can be identified properly, as once identification is lost, it is extremely difficult (and context dependent) to restore it again.",
              "synonym": [
                "inline resources",
                "anonymous resources",
                "contained resources"
              ],
              "min": 0,
              "max": "*",
              "type": [
                {
                  "code": "Resource"
                }
              ]
            }
          },
          {
            "path": "ValueSet.identifier",
            "definition": {
              "short": "Logical id to reference this value set",
              "formal": "The identifier that is used to identify this value set when it is referenced in a specification, model, design or an instance (should be globally unique OID, UUID, or URI).",
              "min": 1,
              "max": "1",
              "type": [
                {
                  "code": "string"
                }
              ],
              "isModifier": false,
              "mapping": [
                {
                  "identity": "rim",
                  "map": "N/A"
                },
                {
                  "identity": "rim",
                  "map": "N/A"
                }
              ]
            }
          },
          {
            "path": "ValueSet.version",
            "definition": {
              "short": "Logical id for this version of the value set",
              "formal": "The identifier that is used to identify this version of the value set when it is referenced in a specification, model, design or instance. This is an arbitrary value managed by the profile author manually and the value should be a timestamp.",
              "comments": "There may be multiple resource versions of the value set that have the same identifier.",
              "min": 1,
              "max": "1",
              "type": [
                {
                  "code": "string"
                }
              ],
              "isModifier": false,
              "mapping": [
                {
                  "identity": "rim",
                  "map": "N/A"
                },
                {
                  "identity": "rim",
                  "map": "N/A"
                }
              ]
            }
          },
          {
            "path": "ValueSet.name",
            "definition": {
              "short": "Informal name for this value set",
              "formal": "A free text natural language name describing the value set.",
              "comments": "Not expected to be unique.",
              "min": 1,
              "max": "1",
              "type": [
                {
                  "code": "string"
                }
              ],
              "isModifier": false,
              "mapping": [
                {
                  "identity": "rim",
                  "map": "N/A"
                },
                {
                  "identity": "rim",
                  "map": "N/A"
                }
              ]
            }
          },
          {
            "path": "ValueSet.purpose",
            "definition": {
              "short": "Textual description of the intended scope and use",
              "formal": "This should describe “the semantic space\" to be included in the value set. This can also describe the approach taken to build the value set.",
              "comments": "Any significantly meaningful change in this implies a different value set, rather than a new version.  This item is a key component for the meaning of the value set.",
              "min": 1,
              "max": "1",
              "type": [
                {
                  "code": "string"
                }
              ],
              "isModifier": false
            }
          },
          {
            "path": "ValueSet.immutable",
            "definition": {
              "short": "Indicates whether or not any change to the content logical definition may occur",
              "formal": "If this is set to ‘true’, then no new versions of the content logical definition can be created.  Note: Other metadata might still change.",
              "comments": "Normally immutability is set to ‘false’, which is the default assumption if it is not populated.  Note that the implication is that if this is set to ‘true’, there may be only one Value Set Version for this Definition. Immutability tends to be set to ‘true’ in one of two cases:\n- Where the value set, by the nature of its usage, cannot change.  For example \"All specializations of ACT in ActClassCode\"\n- Where there's no safe way to express the \"Purpose\" such that someone else could safely make changes to the value set definition\nSource workflow control must guarantee that the same URI always yields the same definition.",
              "min": 0,
              "max": "1",
              "type": [
                {
                  "code": "boolean"
                }
              ],
              "isModifier": false
            }
          },
          {
            "path": "ValueSet.publisher",
            "definition": {
              "short": "Name of the publisher (Organization or individual)",
              "formal": "The name of the individual or organization that published the value set.",
              "comments": "Usually an organization, but may be an individual. This item SHOULD be populated unless the information is available from context.",
              "min": 1,
              "max": "1",
              "type": [
                {
                  "code": "string"
                }
              ],
              "isModifier": false
            }
          },
          {
            "path": "ValueSet.telecom",
            "definition": {
              "short": "Contact information of the publisher",
              "formal": "Contacts of the publisher to assist a user in finding and communicating with the publisher.",
              "comments": "May be a web site, an email address, a telephone number (tel:), etc.",
              "min": 0,
              "max": "*",
              "type": [
                {
                  "code": "Contact"
                }
              ],
              "isModifier": false
            }
          },
          {
            "path": "ValueSet.description",
            "definition": {
              "short": "Human language description of the value set",
              "formal": "A free text natural language description of the use of the value set - reason for definition, conditions of use, etc. The description may include a list of.",
              "comments": "The description is not intended to describe the semantics of the Value Set - there are no intrinsic semantics separate from the codes contained in its expansion. The description should capture its intended use, which is needed for ensuring integrity for its use in models across future changes.",
              "min": 1,
              "max": "1",
              "type": [
                {
                  "code": "string"
                }
              ],
              "isModifier": false,
              "mapping": [
                {
                  "identity": "rim",
                  "map": "N/A"
                },
                {
                  "identity": "rim",
                  "map": "N/A"
                }
              ]
            }
          },
          {
            "path": "ValueSet.copyright",
            "definition": {
              "short": "Publishing restrictions for the value set",
              "formal": "A copyright statement relating to the value set and/or its contents. These are generally legal restrictions on the use and publishing of the value set.",
              "comments": "Frequently, the copyright differs between the value set, and codes that are included. The copyright statement should clearly differentiate between these when required.",
              "min": 1,
              "max": "1",
              "type": [
                {
                  "code": "string"
                }
              ],
              "isModifier": false
            }
          },
          {
            "path": "ValueSet.status",
            "definition": {
              "short": "draft | active | retired",
              "formal": "The status of the value set.",
              "comments": "Allows filtering of valuesets that are appropriate for use vs. not.",
              "min": 1,
              "max": "1",
              "type": [
                {
                  "code": "code"
                }
              ],
              "isModifier": true,
              "binding": {
                "name": "ValueSetStatus",
                "isExtensible": false,
                "description": "The lifecycle status of a Value Set or Concept Map",
                "referenceResource": {
                  "reference": "http://hl7.org/fhir/vs/valueset-status"
                }
              },
              "mapping": [
                {
                  "identity": "rim",
                  "map": "N/A"
                },
                {
                  "identity": "rim",
                  "map": "N/A"
                }
              ]
            }
          },
          {
            "path": "ValueSet.experimental",
            "definition": {
              "short": "If for testing purposes, not real usage",
              "formal": "This valueset was authored for testing purposes (or education/evaluation/marketing), and is not intended to be used for genuine usage.",
              "comments": "Allows filtering of valuesets that are appropriate for use vs. not.",
              "min": 1,
              "max": "1",
              "type": [
                {
                  "code": "boolean"
                }
              ],
              "isModifier": false
            }
          },
          {
            "path": "ValueSet.extensible",
            "definition": {
              "short": "Whether this is intended to be used with an extensible binding",
              "formal": "Whether this is intended to be used with an extensible binding or not.",
              "min": 0,
              "max": "1",
              "type": [
                {
                  "code": "boolean"
                }
              ],
              "isModifier": false
            }
          },
          {
            "path": "ValueSet.date",
            "definition": {
              "short": "Date for given status",
              "formal": "The date that the value set status was last changed.",
              "comments": "Note that this is not the same as the resource last-modified-date, since the resource may be a secondary representation of the value set.",
              "min": 0,
              "max": "1",
              "type": [
                {
                  "code": "dateTime"
                }
              ],
              "isModifier": false,
              "mapping": [
                {
                  "identity": "rim",
                  "map": "N/A"
                },
                {
                  "identity": "rim",
                  "map": "N/A"
                }
              ]
            }
          },
          {
            "path": "ValueSet.stableDate",
            "definition": {
              "short": "Fixed date for the version of all referenced code systems and value sets",
              "formal": "If a Stability Date is expanded by evaluating the Content Logical Definition using the current version of all referenced code system(s) and value sets as of the Stability Date.",
              "comments": "With a defined Stability Date the value set is considered \"Static\".  Otherwise, the value set is considered to be \"Dynamic\" and may have different expansions as underlying code systems and/or value sets evolve.",
              "min": 0,
              "max": "1",
              "type": [
                {
                  "code": "date"
                }
              ],
              "isModifier": false
            }
          },
          {
            "path": "ValueSet.define",
            "definition": {
              "short": "When value set defines its own codes",
              "formal": "When value set defines its own codes.",
              "min": 0,
              "max": "1",
              "constraint": [
                {
                  "key": "3",
                  "severity": "error",
                  "human": "Within a code system definition, all the codes SHALL be unique",
                  "xpath": "count(distinct-values(descendant::f:concept/f:code/@value))=count(descendant::f:concept)"
                },
                {
                  "key": "8",
                  "severity": "error",
                  "human": "Codes must be unique",
                  "xpath": "count(descendant::f:concept)=count(distinct-values(descendant::f:concept/f:code/@value))"
                }
              ],
              "isModifier": false
            }
          },
          {
            "path": "ValueSet.define.extension",
            "definition": {
              "short": "Additional Content defined by implementations",
              "formal": "May be used to represent additional information that is not part of the basic definition of the resource. In order to make the use of extensions safe and manageable, there is a strict governance applied to the definition and use of extensions. Though any implementer is allowed to define an extension, there is a set of requirements that SHALL be met as part of the definition of the extension.",
              "comments": "there can be no stigma associated with the use of extensions by any application, project, or standard - regardless of the institution or jurisdiction that uses or defines the extensions.  The use of extensions is what allows the FHIR specification to retain a core simplicity for everyone.",
              "synonym": [
                "extensions",
                "user content"
              ],
              "min": 0,
              "max": "*",
              "type": [
                {
                  "code": "Extension"
                }
              ]
            }
          },
          {
            "path": "ValueSet.define.modifierExtension",
            "definition": {
              "short": "Extensions that cannot be ignored",
              "formal": "May be used to represent additional information that is not part of the basic definition of the resource, and that modifies the understanding of the element that contains it. Usually modifier elements provide negation or qualification. In order to make the use of extensions safe and manageable, there is a strict governance applied to the definition and use of extensions. Though any implementer is allowed to define an extension, there is a set of requirements that SHALL be met as part of the definition of the extension. Applications processing a resource are required to check for modifier extensions.",
              "comments": "there can be no stigma associated with the use of extensions by any application, project, or standard - regardless of the institution or jurisdiction that uses or defines the extensions.  The use of extensions is what allows the FHIR specification to retain a core simplicity for everyone.",
              "synonym": [
                "extensions",
                "user content"
              ],
              "min": 0,
              "max": "*",
              "type": [
                {
                  "code": "Extension"
                }
              ]
            }
          },
          {
            "path": "ValueSet.define.system",
            "definition": {
              "short": "URI to identify the code system",
              "formal": "URI to identify the code system.",
              "min": 1,
              "max": "1",
              "type": [
                {
                  "code": "uri"
                }
              ],
              "isModifier": false
            }
          },
          {
            "path": "ValueSet.define.version",
            "definition": {
              "short": "Version of this system",
              "formal": "The version of this code system that defines the codes. Note that the version is optional because a well maintained code system does not suffer from versioning, and therefore the version does not need to be maintained. However many code systems are not well maintained, and the version needs to be defined and tracked.",
              "min": 0,
              "max": "1",
              "type": [
                {
                  "code": "string"
                }
              ],
              "isModifier": false
            }
          },
          {
            "path": "ValueSet.define.caseSensitive",
            "definition": {
              "short": "If code comparison is case sensitive",
              "formal": "If code comparison is case sensitive when codes within this system are compared to each other.",
              "comments": "If this value is missing, then it is not specified whether a code system is case sensitive or not. When the rule is not known, Postel's law should be followed: produce codes with the correct case, and accept codes in any case. This element is primarily provided to support validation software.",
              "min": 0,
              "max": "1",
              "type": [
                {
                  "code": "boolean"
                }
              ],
              "isModifier": false
            }
          },
          {
            "path": "ValueSet.define.concept",
            "definition": {
              "short": "Concepts in the code system",
              "formal": "Concepts in the code system.",
              "min": 0,
              "max": "*",
              "isModifier": false
            }
          },
          {
            "path": "ValueSet.define.concept.extension",
            "definition": {
              "short": "Additional Content defined by implementations",
              "formal": "May be used to represent additional information that is not part of the basic definition of the resource. In order to make the use of extensions safe and manageable, there is a strict governance applied to the definition and use of extensions. Though any implementer is allowed to define an extension, there is a set of requirements that SHALL be met as part of the definition of the extension.",
              "comments": "there can be no stigma associated with the use of extensions by any application, project, or standard - regardless of the institution or jurisdiction that uses or defines the extensions.  The use of extensions is what allows the FHIR specification to retain a core simplicity for everyone.",
              "synonym": [
                "extensions",
                "user content"
              ],
              "min": 0,
              "max": "*",
              "type": [
                {
                  "code": "Extension"
                }
              ]
            }
          },
          {
            "path": "ValueSet.define.concept.modifierExtension",
            "definition": {
              "short": "Extensions that cannot be ignored",
              "formal": "May be used to represent additional information that is not part of the basic definition of the resource, and that modifies the understanding of the element that contains it. Usually modifier elements provide negation or qualification. In order to make the use of extensions safe and manageable, there is a strict governance applied to the definition and use of extensions. Though any implementer is allowed to define an extension, there is a set of requirements that SHALL be met as part of the definition of the extension. Applications processing a resource are required to check for modifier extensions.",
              "comments": "there can be no stigma associated with the use of extensions by any application, project, or standard - regardless of the institution or jurisdiction that uses or defines the extensions.  The use of extensions is what allows the FHIR specification to retain a core simplicity for everyone.",
              "synonym": [
                "extensions",
                "user content"
              ],
              "min": 0,
              "max": "*",
              "type": [
                {
                  "code": "Extension"
                }
              ]
            }
          },
          {
            "path": "ValueSet.define.concept.code",
            "definition": {
              "short": "Code that identifies concept",
              "formal": "Code that identifies concept.",
              "min": 1,
              "max": "1",
              "type": [
                {
                  "code": "code"
                }
              ],
              "isModifier": false
            }
          },
          {
            "path": "ValueSet.define.concept.abstract",
            "definition": {
              "short": "If this code is not for use as a real concept",
              "formal": "If this code is not for use as a real concept.",
              "min": 0,
              "max": "1",
              "type": [
                {
                  "code": "boolean"
                }
              ],
              "isModifier": false
            }
          },
          {
            "path": "ValueSet.define.concept.display",
            "definition": {
              "short": "Text to Display to the user",
              "formal": "Text to Display to the user.",
              "min": 0,
              "max": "1",
              "type": [
                {
                  "code": "string"
                }
              ],
              "isModifier": false
            }
          },
          {
            "path": "ValueSet.define.concept.definition",
            "definition": {
              "short": "Formal Definition",
              "formal": "The formal definition of the concept. Formal definitions are not required, because of the prevalence of legacy systems without them, but they are highly recommended, as without them there is no formal meaning associated with the concept.",
              "min": 0,
              "max": "1",
              "type": [
                {
                  "code": "string"
                }
              ],
              "isModifier": false
            }
          },
          {
            "path": "ValueSet.define.concept.concept",
            "definition": {
              "short": "Child Concepts (is-a / contains)",
              "formal": "Child Concepts (is-a / contains).",
              "min": 0,
              "max": "*",
              "nameReference": "ValueSet.define.concept",
              "isModifier": false
            }
          },
          {
            "path": "ValueSet.compose",
            "definition": {
              "short": "When value set includes codes from elsewhere",
              "formal": "When value set includes codes from elsewhere.",
              "min": 0,
              "max": "1",
              "constraint": [
                {
                  "key": "1",
                  "severity": "error",
                  "human": "A value set composition SHALL have an include or an import",
                  "xpath": "exists(f:include) or exists(f:import)"
                }
              ],
              "isModifier": false
            }
          },
          {
            "path": "ValueSet.compose.extension",
            "definition": {
              "short": "Additional Content defined by implementations",
              "formal": "May be used to represent additional information that is not part of the basic definition of the resource. In order to make the use of extensions safe and manageable, there is a strict governance applied to the definition and use of extensions. Though any implementer is allowed to define an extension, there is a set of requirements that SHALL be met as part of the definition of the extension.",
              "comments": "there can be no stigma associated with the use of extensions by any application, project, or standard - regardless of the institution or jurisdiction that uses or defines the extensions.  The use of extensions is what allows the FHIR specification to retain a core simplicity for everyone.",
              "synonym": [
                "extensions",
                "user content"
              ],
              "min": 0,
              "max": "*",
              "type": [
                {
                  "code": "Extension"
                }
              ]
            }
          },
          {
            "path": "ValueSet.compose.modifierExtension",
            "definition": {
              "short": "Extensions that cannot be ignored",
              "formal": "May be used to represent additional information that is not part of the basic definition of the resource, and that modifies the understanding of the element that contains it. Usually modifier elements provide negation or qualification. In order to make the use of extensions safe and manageable, there is a strict governance applied to the definition and use of extensions. Though any implementer is allowed to define an extension, there is a set of requirements that SHALL be met as part of the definition of the extension. Applications processing a resource are required to check for modifier extensions.",
              "comments": "there can be no stigma associated with the use of extensions by any application, project, or standard - regardless of the institution or jurisdiction that uses or defines the extensions.  The use of extensions is what allows the FHIR specification to retain a core simplicity for everyone.",
              "synonym": [
                "extensions",
                "user content"
              ],
              "min": 0,
              "max": "*",
              "type": [
                {
                  "code": "Extension"
                }
              ]
            }
          },
          {
            "path": "ValueSet.compose.import",
            "definition": {
              "short": "Import the contents of another value set",
              "formal": "Includes the contents of the referenced value set as a part of the contents of this value set.",
              "comments": "The value set URI is either a logical reference to a defined value set such as a SNOMED CT reference set, or a literal reference to a value set definition (not an expansion). If the reference is a logical one, it may not reference a actual FHIR value set resource; in this case, the referenced definition of a set of coded values needs to be clear about how versions are resolved.",
              "min": 0,
              "max": "*",
              "type": [
                {
                  "code": "uri"
                }
              ],
              "isModifier": false,
              "mapping": [
                {
                  "identity": "rim",
                  "map": "N/A"
                },
                {
                  "identity": "rim",
                  "map": "N/A"
                }
              ]
            }
          },
          {
            "path": "ValueSet.compose.include",
            "definition": {
              "short": "Include one or more codes from a code system",
              "formal": "Include one or more codes from a code system.",
              "comments": "If there are no codes or filters, the entire code system is included.",
              "min": 0,
              "max": "*",
              "type": [
                {
                  "code": "=ConceptSet"
                }
              ],
              "isModifier": false,
              "mapping": [
                {
                  "identity": "rim",
                  "map": "N/A"
                },
                {
                  "identity": "rim",
                  "map": "N/A"
                }
              ]
            }
          },
          {
            "path": "ValueSet.compose.include.extension",
            "definition": {
              "short": "Additional Content defined by implementations",
              "formal": "May be used to represent additional information that is not part of the basic definition of the resource. In order to make the use of extensions safe and manageable, there is a strict governance applied to the definition and use of extensions. Though any implementer is allowed to define an extension, there is a set of requirements that SHALL be met as part of the definition of the extension.",
              "comments": "there can be no stigma associated with the use of extensions by any application, project, or standard - regardless of the institution or jurisdiction that uses or defines the extensions.  The use of extensions is what allows the FHIR specification to retain a core simplicity for everyone.",
              "synonym": [
                "extensions",
                "user content"
              ],
              "min": 0,
              "max": "*",
              "type": [
                {
                  "code": "Extension"
                }
              ]
            }
          },
          {
            "path": "ValueSet.compose.include.modifierExtension",
            "definition": {
              "short": "Extensions that cannot be ignored",
              "formal": "May be used to represent additional information that is not part of the basic definition of the resource, and that modifies the understanding of the element that contains it. Usually modifier elements provide negation or qualification. In order to make the use of extensions safe and manageable, there is a strict governance applied to the definition and use of extensions. Though any implementer is allowed to define an extension, there is a set of requirements that SHALL be met as part of the definition of the extension. Applications processing a resource are required to check for modifier extensions.",
              "comments": "there can be no stigma associated with the use of extensions by any application, project, or standard - regardless of the institution or jurisdiction that uses or defines the extensions.  The use of extensions is what allows the FHIR specification to retain a core simplicity for everyone.",
              "synonym": [
                "extensions",
                "user content"
              ],
              "min": 0,
              "max": "*",
              "type": [
                {
                  "code": "Extension"
                }
              ]
            }
          },
          {
            "path": "ValueSet.compose.include.system",
            "definition": {
              "short": "The system the codes come from",
              "formal": "The code system from which the selected codes come from.",
              "comments": "See [[Coding.system]] for further documentation.",
              "min": 1,
              "max": "1",
              "type": [
                {
                  "code": "uri"
                }
              ],
              "isModifier": false,
              "mapping": [
                {
                  "identity": "rim",
                  "map": "N/A"
                },
                {
                  "identity": "rim",
                  "map": "N/A"
                }
              ]
            }
          },
          {
            "path": "ValueSet.compose.include.version",
            "definition": {
              "short": "Specific version of the code system referred to",
              "formal": "The version of the code system that the codes are selected from.",
              "comments": "This is used when selecting the descendents of a concept - they may change between versions. If no version is specified, then the exact contents of the value set may not be known until a context of use binds it to a particular version.",
              "min": 0,
              "max": "1",
              "type": [
                {
                  "code": "string"
                }
              ],
              "isModifier": false,
              "mapping": [
                {
                  "identity": "rim",
                  "map": "N/A"
                },
                {
                  "identity": "rim",
                  "map": "N/A"
                }
              ]
            }
          },
          {
            "path": "ValueSet.compose.include.code",
            "definition": {
              "short": "Code or concept from system",
              "formal": "Specifies a code or concept to be included or excluded. The list of codes is considered ordered, though the order may not have any particular significance.",
              "comments": "Expressions are allowed if defined by the underlying code system.",
              "min": 0,
              "max": "*",
              "type": [
                {
                  "code": "code"
                }
              ],
              "isModifier": false,
              "mapping": [
                {
                  "identity": "rim",
                  "map": "N/A"
                },
                {
                  "identity": "rim",
                  "map": "N/A"
                }
              ]
            }
          },
          {
            "path": "ValueSet.compose.include.filter",
            "definition": {
              "short": "Select codes/concepts by their properties (including relationships)",
              "formal": "Select concepts by specify a matching criteria based on the properties (including relationships) defined by the system. If multiple filters are specified, they SHALL all be true.",
              "comments": "Selecting codes by specifying filters based on properties is only possible where the underlying code system defines appropriate properties. Note that in some cases, the underlying code system defines the logical concepts but not the literal codes for the concepts. In such cases, the literal definitions may be provided by a third party.",
              "min": 0,
              "max": "*",
              "isModifier": false,
              "mapping": [
                {
                  "identity": "rim",
                  "map": "N/A"
                },
                {
                  "identity": "rim",
                  "map": "N/A"
                }
              ]
            }
          },
          {
            "path": "ValueSet.compose.include.filter.extension",
            "definition": {
              "short": "Additional Content defined by implementations",
              "formal": "May be used to represent additional information that is not part of the basic definition of the resource. In order to make the use of extensions safe and manageable, there is a strict governance applied to the definition and use of extensions. Though any implementer is allowed to define an extension, there is a set of requirements that SHALL be met as part of the definition of the extension.",
              "comments": "there can be no stigma associated with the use of extensions by any application, project, or standard - regardless of the institution or jurisdiction that uses or defines the extensions.  The use of extensions is what allows the FHIR specification to retain a core simplicity for everyone.",
              "synonym": [
                "extensions",
                "user content"
              ],
              "min": 0,
              "max": "*",
              "type": [
                {
                  "code": "Extension"
                }
              ]
            }
          },
          {
            "path": "ValueSet.compose.include.filter.modifierExtension",
            "definition": {
              "short": "Extensions that cannot be ignored",
              "formal": "May be used to represent additional information that is not part of the basic definition of the resource, and that modifies the understanding of the element that contains it. Usually modifier elements provide negation or qualification. In order to make the use of extensions safe and manageable, there is a strict governance applied to the definition and use of extensions. Though any implementer is allowed to define an extension, there is a set of requirements that SHALL be met as part of the definition of the extension. Applications processing a resource are required to check for modifier extensions.",
              "comments": "there can be no stigma associated with the use of extensions by any application, project, or standard - regardless of the institution or jurisdiction that uses or defines the extensions.  The use of extensions is what allows the FHIR specification to retain a core simplicity for everyone.",
              "synonym": [
                "extensions",
                "user content"
              ],
              "min": 0,
              "max": "*",
              "type": [
                {
                  "code": "Extension"
                }
              ]
            }
          },
          {
            "path": "ValueSet.compose.include.filter.property",
            "definition": {
              "short": "A property defined by the code system",
              "formal": "A code that identifies a property defined in the code system.",
              "min": 1,
              "max": "1",
              "type": [
                {
                  "code": "code"
                }
              ],
              "isModifier": false,
              "mapping": [
                {
                  "identity": "rim",
                  "map": "N/A"
                },
                {
                  "identity": "rim",
                  "map": "N/A"
                }
              ]
            }
          },
          {
            "path": "ValueSet.compose.include.filter.op",
            "definition": {
              "short": "= | is-a | is-not-a | regex | in | not in",
              "formal": "The kind of operation to perform as a part of the filter criteria.",
              "min": 1,
              "max": "1",
              "type": [
                {
                  "code": "code"
                }
              ],
              "isModifier": false,
              "binding": {
                "name": "FilterOperator",
                "isExtensible": false,
                "description": "The kind of operation to perform as a part of a property based filter",
                "referenceResource": {
                  "reference": "http://hl7.org/fhir/vs/filter-operator"
                }
              },
              "mapping": [
                {
                  "identity": "rim",
                  "map": "N/A"
                },
                {
                  "identity": "rim",
                  "map": "N/A"
                }
              ]
            }
          },
          {
            "path": "ValueSet.compose.include.filter.value",
            "definition": {
              "short": "Code from the system, or regex criteria",
              "formal": "The match value may be either a code defined by the system, or a string value which is used a regex match on the literal string of the property value.",
              "comments": "Use regex matching with care - full regex matching on every SNOMED CT term is prohibitive, for example.",
              "min": 1,
              "max": "1",
              "type": [
                {
                  "code": "code"
                }
              ],
              "isModifier": false,
              "mapping": [
                {
                  "identity": "rim",
                  "map": "N/A"
                },
                {
                  "identity": "rim",
                  "map": "N/A"
                }
              ]
            }
          },
          {
            "path": "ValueSet.compose.exclude",
            "definition": {
              "short": "Explicitly exclude codes",
              "formal": "Exclude one or more codes from the value set.",
              "comments": "Usually this is used to selectively exclude codes that were included by subsumption in the inclusions.",
              "min": 0,
              "max": "*",
              "nameReference": "ValueSet.compose.include",
              "isModifier": false,
              "mapping": [
                {
                  "identity": "rim",
                  "map": "N/A"
                },
                {
                  "identity": "rim",
                  "map": "N/A"
                }
              ]
            }
          },
          {
            "path": "ValueSet.expansion",
            "definition": {
              "short": "When value set is an expansion",
              "formal": "When value set is an expansion.",
              "min": 0,
              "max": "1",
              "isModifier": false
            }
          },
          {
            "path": "ValueSet.expansion.extension",
            "definition": {
              "short": "Additional Content defined by implementations",
              "formal": "May be used to represent additional information that is not part of the basic definition of the resource. In order to make the use of extensions safe and manageable, there is a strict governance applied to the definition and use of extensions. Though any implementer is allowed to define an extension, there is a set of requirements that SHALL be met as part of the definition of the extension.",
              "comments": "there can be no stigma associated with the use of extensions by any application, project, or standard - regardless of the institution or jurisdiction that uses or defines the extensions.  The use of extensions is what allows the FHIR specification to retain a core simplicity for everyone.",
              "synonym": [
                "extensions",
                "user content"
              ],
              "min": 0,
              "max": "*",
              "type": [
                {
                  "code": "Extension"
                }
              ]
            }
          },
          {
            "path": "ValueSet.expansion.modifierExtension",
            "definition": {
              "short": "Extensions that cannot be ignored",
              "formal": "May be used to represent additional information that is not part of the basic definition of the resource, and that modifies the understanding of the element that contains it. Usually modifier elements provide negation or qualification. In order to make the use of extensions safe and manageable, there is a strict governance applied to the definition and use of extensions. Though any implementer is allowed to define an extension, there is a set of requirements that SHALL be met as part of the definition of the extension. Applications processing a resource are required to check for modifier extensions.",
              "comments": "there can be no stigma associated with the use of extensions by any application, project, or standard - regardless of the institution or jurisdiction that uses or defines the extensions.  The use of extensions is what allows the FHIR specification to retain a core simplicity for everyone.",
              "synonym": [
                "extensions",
                "user content"
              ],
              "min": 0,
              "max": "*",
              "type": [
                {
                  "code": "Extension"
                }
              ]
            }
          },
          {
            "path": "ValueSet.expansion.identifier",
            "definition": {
              "short": "Uniquely identifies this expansion",
              "formal": "An identifier that uniquely identifies this expansion of the valueset. Systems may re-use the same identifier as long as the expansion and the definition remain the same, but are not required to do so.",
              "min": 0,
              "max": "1",
              "type": [
                {
                  "code": "Identifier"
                }
              ],
              "isModifier": false
            }
          },
          {
            "path": "ValueSet.expansion.timestamp",
            "definition": {
              "short": "Time valueset expansion happened",
              "formal": "Time valueset expansion happened.",
              "min": 1,
              "max": "1",
              "type": [
                {
                  "code": "instant"
                }
              ],
              "isModifier": false
            }
          },
          {
            "path": "ValueSet.expansion.contains",
            "definition": {
              "short": "Codes in the value set",
              "formal": "Codes in the value set.",
              "min": 0,
              "max": "*",
              "constraint": [
                {
                  "key": "6",
                  "severity": "error",
                  "human": "SHALL have a code or a display",
                  "xpath": "exists(f:code) or exists(f:display)"
                }
              ],
              "isModifier": false
            }
          },
          {
            "path": "ValueSet.expansion.contains.extension",
            "definition": {
              "short": "Additional Content defined by implementations",
              "formal": "May be used to represent additional information that is not part of the basic definition of the resource. In order to make the use of extensions safe and manageable, there is a strict governance applied to the definition and use of extensions. Though any implementer is allowed to define an extension, there is a set of requirements that SHALL be met as part of the definition of the extension.",
              "comments": "there can be no stigma associated with the use of extensions by any application, project, or standard - regardless of the institution or jurisdiction that uses or defines the extensions.  The use of extensions is what allows the FHIR specification to retain a core simplicity for everyone.",
              "synonym": [
                "extensions",
                "user content"
              ],
              "min": 0,
              "max": "*",
              "type": [
                {
                  "code": "Extension"
                }
              ]
            }
          },
          {
            "path": "ValueSet.expansion.contains.modifierExtension",
            "definition": {
              "short": "Extensions that cannot be ignored",
              "formal": "May be used to represent additional information that is not part of the basic definition of the resource, and that modifies the understanding of the element that contains it. Usually modifier elements provide negation or qualification. In order to make the use of extensions safe and manageable, there is a strict governance applied to the definition and use of extensions. Though any implementer is allowed to define an extension, there is a set of requirements that SHALL be met as part of the definition of the extension. Applications processing a resource are required to check for modifier extensions.",
              "comments": "there can be no stigma associated with the use of extensions by any application, project, or standard - regardless of the institution or jurisdiction that uses or defines the extensions.  The use of extensions is what allows the FHIR specification to retain a core simplicity for everyone.",
              "synonym": [
                "extensions",
                "user content"
              ],
              "min": 0,
              "max": "*",
              "type": [
                {
                  "code": "Extension"
                }
              ]
            }
          },
          {
            "path": "ValueSet.expansion.contains.system",
            "definition": {
              "short": "System value for the code",
              "formal": "System value for the code.",
              "min": 0,
              "max": "1",
              "type": [
                {
                  "code": "uri"
                }
              ],
              "isModifier": false
            }
          },
          {
            "path": "ValueSet.expansion.contains.code",
            "definition": {
              "short": "Code - if blank, this is not a choosable code",
              "formal": "Code - if blank, this is not a choosable code.",
              "min": 0,
              "max": "1",
              "type": [
                {
                  "code": "code"
                }
              ],
              "isModifier": false
            }
          },
          {
            "path": "ValueSet.expansion.contains.display",
            "definition": {
              "short": "User display for the concept",
              "formal": "User display for the concept.",
              "min": 0,
              "max": "1",
              "type": [
                {
                  "code": "string"
                }
              ],
              "isModifier": false
            }
          },
          {
            "path": "ValueSet.expansion.contains.contains",
            "definition": {
              "short": "Codes contained in this concept",
              "formal": "Codes contained in this concept.",
              "min": 0,
              "max": "*",
              "nameReference": "ValueSet.expansion.contains",
              "isModifier": false
            }
          }
        ]
      },
      "differential": {
        "element": [
          {
            "path": "ValueSet",
            "name": "Definition",
            "definition": {
              "short": "A set of codes drawn from one or more code systems",
              "formal": "A value set specifies a set of codes drawn from one or more code systems.",
              "min": 1,
              "max": "1",
              "type": [
                {
                  "code": "Resource"
                }
              ],
              "isModifier": false,
              "mapping": [
                {
                  "identity": "rim",
                  "map": "N/A"
                }
              ]
            }
          },
          {
            "path": "ValueSet.identifier",
            "definition": {
              "short": "Logical id to reference this value set",
              "formal": "The identifier that is used to identify this value set when it is referenced in a specification, model, design or an instance (should be globally unique OID, UUID, or URI).",
              "min": 1,
              "max": "1",
              "type": [
                {
                  "code": "string"
                }
              ],
              "isModifier": false,
              "mapping": [
                {
                  "identity": "rim",
                  "map": "N/A"
                }
              ]
            }
          },
          {
            "path": "ValueSet.version",
            "definition": {
              "short": "Logical id for this version of the value set",
              "formal": "The identifier that is used to identify this version of the value set when it is referenced in a specification, model, design or instance. This is an arbitrary value managed by the profile author manually and the value should be a timestamp.",
              "comments": "There may be multiple resource versions of the value set that have the same identifier.",
              "min": 1,
              "max": "1",
              "type": [
                {
                  "code": "string"
                }
              ],
              "isModifier": false,
              "mapping": [
                {
                  "identity": "rim",
                  "map": "N/A"
                }
              ]
            }
          },
          {
            "path": "ValueSet.name",
            "definition": {
              "short": "Informal name for this value set",
              "formal": "A free text natural language name describing the value set.",
              "comments": "Not expected to be unique.",
              "min": 1,
              "max": "1",
              "type": [
                {
                  "code": "string"
                }
              ],
              "isModifier": false,
              "mapping": [
                {
                  "identity": "rim",
                  "map": "N/A"
                }
              ]
            }
          },
          {
            "path": "ValueSet.purpose",
            "definition": {
              "short": "Textual description of the intended scope and use",
              "formal": "This should describe “the semantic space\" to be included in the value set. This can also describe the approach taken to build the value set.",
              "comments": "Any significantly meaningful change in this implies a different value set, rather than a new version.  This item is a key component for the meaning of the value set.",
              "min": 1,
              "max": "1",
              "type": [
                {
                  "code": "string"
                }
              ],
              "isModifier": false
            }
          },
          {
            "path": "ValueSet.immutable",
            "definition": {
              "short": "Indicates whether or not any change to the content logical definition may occur",
              "formal": "If this is set to ‘true’, then no new versions of the content logical definition can be created.  Note: Other metadata might still change.",
              "comments": "Normally immutability is set to ‘false’, which is the default assumption if it is not populated.  Note that the implication is that if this is set to ‘true’, there may be only one Value Set Version for this Definition. Immutability tends to be set to ‘true’ in one of two cases:\n- Where the value set, by the nature of its usage, cannot change.  For example \"All specializations of ACT in ActClassCode\"\n- Where there's no safe way to express the \"Purpose\" such that someone else could safely make changes to the value set definition\nSource workflow control must guarantee that the same URI always yields the same definition.",
              "min": 0,
              "max": "1",
              "type": [
                {
                  "code": "boolean"
                }
              ],
              "isModifier": false
            }
          },
          {
            "path": "ValueSet.publisher",
            "definition": {
              "short": "Name of the publisher (Organization or individual)",
              "formal": "The name of the individual or organization that published the value set.",
              "comments": "Usually an organization, but may be an individual. This item SHOULD be populated unless the information is available from context.",
              "min": 1,
              "max": "1",
              "type": [
                {
                  "code": "string"
                }
              ],
              "isModifier": false
            }
          },
          {
            "path": "ValueSet.telecom",
            "definition": {
              "short": "Contact information of the publisher",
              "formal": "Contacts of the publisher to assist a user in finding and communicating with the publisher.",
              "comments": "May be a web site, an email address, a telephone number (tel:), etc.",
              "min": 0,
              "max": "*",
              "type": [
                {
                  "code": "Contact"
                }
              ],
              "isModifier": false
            }
          },
          {
            "path": "ValueSet.description",
            "definition": {
              "short": "Human language description of the value set",
              "formal": "A free text natural language description of the use of the value set - reason for definition, conditions of use, etc. The description may include a list of.",
              "comments": "The description is not intended to describe the semantics of the Value Set - there are no intrinsic semantics separate from the codes contained in its expansion. The description should capture its intended use, which is needed for ensuring integrity for its use in models across future changes.",
              "min": 1,
              "max": "1",
              "type": [
                {
                  "code": "string"
                }
              ],
              "isModifier": false,
              "mapping": [
                {
                  "identity": "rim",
                  "map": "N/A"
                }
              ]
            }
          },
          {
            "path": "ValueSet.copyright",
            "definition": {
              "short": "Publishing restrictions for the value set",
              "formal": "A copyright statement relating to the value set and/or its contents. These are generally legal restrictions on the use and publishing of the value set.",
              "comments": "Frequently, the copyright differs between the value set, and codes that are included. The copyright statement should clearly differentiate between these when required.",
              "min": 1,
              "max": "1",
              "type": [
                {
                  "code": "string"
                }
              ],
              "isModifier": false
            }
          },
          {
            "path": "ValueSet.status",
            "definition": {
              "short": "draft | active | retired",
              "formal": "The status of the value set.",
              "comments": "Allows filtering of valuesets that are appropriate for use vs. not.",
              "min": 1,
              "max": "1",
              "type": [
                {
                  "code": "code"
                }
              ],
              "isModifier": true,
              "binding": {
                "name": "ValueSetStatus",
                "isExtensible": false,
                "description": "The lifecycle status of a Value Set or Concept Map",
                "referenceResource": {
                  "reference": "http://hl7.org/fhir/vs/valueset-status"
                }
              },
              "mapping": [
                {
                  "identity": "rim",
                  "map": "N/A"
                }
              ]
            }
          },
          {
            "path": "ValueSet.experimental",
            "definition": {
              "short": "If for testing purposes, not real usage",
              "formal": "This valueset was authored for testing purposes (or education/evaluation/marketing), and is not intended to be used for genuine usage.",
              "comments": "Allows filtering of valuesets that are appropriate for use vs. not.",
              "min": 1,
              "max": "1",
              "type": [
                {
                  "code": "boolean"
                }
              ],
              "isModifier": false
            }
          },
          {
            "path": "ValueSet.extensible",
            "definition": {
              "short": "Whether this is intended to be used with an extensible binding",
              "formal": "Whether this is intended to be used with an extensible binding or not.",
              "min": 0,
              "max": "1",
              "type": [
                {
                  "code": "boolean"
                }
              ],
              "isModifier": false
            }
          },
          {
            "path": "ValueSet.date",
            "definition": {
              "short": "Date for given status",
              "formal": "The date that the value set status was last changed.",
              "comments": "Note that this is not the same as the resource last-modified-date, since the resource may be a secondary representation of the value set.",
              "min": 0,
              "max": "1",
              "type": [
                {
                  "code": "dateTime"
                }
              ],
              "isModifier": false,
              "mapping": [
                {
                  "identity": "rim",
                  "map": "N/A"
                }
              ]
            }
          },
          {
            "path": "ValueSet.stableDate",
            "definition": {
              "short": "Fixed date for the version of all referenced code systems and value sets",
              "formal": "If a Stability Date is expanded by evaluating the Content Logical Definition using the current version of all referenced code system(s) and value sets as of the Stability Date.",
              "comments": "With a defined Stability Date the value set is considered \"Static\".  Otherwise, the value set is considered to be \"Dynamic\" and may have different expansions as underlying code systems and/or value sets evolve.",
              "min": 0,
              "max": "1",
              "type": [
                {
                  "code": "date"
                }
              ],
              "isModifier": false
            }
          },
          {
            "path": "ValueSet.define",
            "definition": {
              "short": "When value set defines its own codes",
              "formal": "When value set defines its own codes.",
              "min": 0,
              "max": "1",
              "isModifier": false
            }
          },
          {
            "path": "ValueSet.define.system",
            "definition": {
              "short": "URI to identify the code system",
              "formal": "URI to identify the code system.",
              "min": 1,
              "max": "1",
              "type": [
                {
                  "code": "uri"
                }
              ],
              "isModifier": false
            }
          },
          {
            "path": "ValueSet.define.version",
            "definition": {
              "short": "Version of this system",
              "formal": "The version of this code system that defines the codes. Note that the version is optional because a well maintained code system does not suffer from versioning, and therefore the version does not need to be maintained. However many code systems are not well maintained, and the version needs to be defined and tracked.",
              "min": 0,
              "max": "1",
              "type": [
                {
                  "code": "string"
                }
              ],
              "isModifier": false
            }
          },
          {
            "path": "ValueSet.define.caseSensitive",
            "definition": {
              "short": "If code comparison is case sensitive",
              "formal": "If code comparison is case sensitive when codes within this system are compared to each other.",
              "comments": "If this value is missing, then it is not specified whether a code system is case sensitive or not. When the rule is not known, Postel's law should be followed: produce codes with the correct case, and accept codes in any case. This element is primarily provided to support validation software.",
              "min": 0,
              "max": "1",
              "type": [
                {
                  "code": "boolean"
                }
              ],
              "isModifier": false
            }
          },
          {
            "path": "ValueSet.define.concept",
            "definition": {
              "short": "Concepts in the code system",
              "formal": "Concepts in the code system.",
              "min": 0,
              "max": "*",
              "isModifier": false
            }
          },
          {
            "path": "ValueSet.define.concept.code",
            "definition": {
              "short": "Code that identifies concept",
              "formal": "Code that identifies concept.",
              "min": 1,
              "max": "1",
              "type": [
                {
                  "code": "code"
                }
              ],
              "isModifier": false
            }
          },
          {
            "path": "ValueSet.define.concept.abstract",
            "definition": {
              "short": "If this code is not for use as a real concept",
              "formal": "If this code is not for use as a real concept.",
              "min": 0,
              "max": "1",
              "type": [
                {
                  "code": "boolean"
                }
              ],
              "isModifier": false
            }
          },
          {
            "path": "ValueSet.define.concept.display",
            "definition": {
              "short": "Text to Display to the user",
              "formal": "Text to Display to the user.",
              "min": 0,
              "max": "1",
              "type": [
                {
                  "code": "string"
                }
              ],
              "isModifier": false
            }
          },
          {
            "path": "ValueSet.define.concept.definition",
            "definition": {
              "short": "Formal Definition",
              "formal": "The formal definition of the concept. Formal definitions are not required, because of the prevalence of legacy systems without them, but they are highly recommended, as without them there is no formal meaning associated with the concept.",
              "min": 0,
              "max": "1",
              "type": [
                {
                  "code": "string"
                }
              ],
              "isModifier": false
            }
          },
          {
            "path": "ValueSet.define.concept.concept",
            "definition": {
              "short": "Child Concepts (is-a / contains)",
              "formal": "Child Concepts (is-a / contains).",
              "min": 0,
              "max": "*",
              "nameReference": "ValueSet.define.concept",
              "isModifier": false
            }
          },
          {
            "path": "ValueSet.compose",
            "definition": {
              "short": "When value set includes codes from elsewhere",
              "formal": "When value set includes codes from elsewhere.",
              "min": 0,
              "max": "1",
              "isModifier": false
            }
          },
          {
            "path": "ValueSet.compose.import",
            "definition": {
              "short": "Import the contents of another value set",
              "formal": "Includes the contents of the referenced value set as a part of the contents of this value set.",
              "comments": "The value set URI is either a logical reference to a defined value set such as a SNOMED CT reference set, or a literal reference to a value set definition (not an expansion). If the reference is a logical one, it may not reference a actual FHIR value set resource; in this case, the referenced definition of a set of coded values needs to be clear about how versions are resolved.",
              "min": 0,
              "max": "*",
              "type": [
                {
                  "code": "uri"
                }
              ],
              "isModifier": false,
              "mapping": [
                {
                  "identity": "rim",
                  "map": "N/A"
                }
              ]
            }
          },
          {
            "path": "ValueSet.compose.include",
            "definition": {
              "short": "Include one or more codes from a code system",
              "formal": "Include one or more codes from a code system.",
              "comments": "If there are no codes or filters, the entire code system is included.",
              "min": 0,
              "max": "*",
              "type": [
                {
                  "code": "=ConceptSet"
                }
              ],
              "isModifier": false,
              "mapping": [
                {
                  "identity": "rim",
                  "map": "N/A"
                }
              ]
            }
          },
          {
            "path": "ValueSet.compose.include.system",
            "definition": {
              "short": "The system the codes come from",
              "formal": "The code system from which the selected codes come from.",
              "comments": "See [[Coding.system]] for further documentation.",
              "min": 1,
              "max": "1",
              "type": [
                {
                  "code": "uri"
                }
              ],
              "isModifier": false,
              "mapping": [
                {
                  "identity": "rim",
                  "map": "N/A"
                }
              ]
            }
          },
          {
            "path": "ValueSet.compose.include.version",
            "definition": {
              "short": "Specific version of the code system referred to",
              "formal": "The version of the code system that the codes are selected from.",
              "comments": "This is used when selecting the descendents of a concept - they may change between versions. If no version is specified, then the exact contents of the value set may not be known until a context of use binds it to a particular version.",
              "min": 0,
              "max": "1",
              "type": [
                {
                  "code": "string"
                }
              ],
              "isModifier": false,
              "mapping": [
                {
                  "identity": "rim",
                  "map": "N/A"
                }
              ]
            }
          },
          {
            "path": "ValueSet.compose.include.code",
            "definition": {
              "short": "Code or concept from system",
              "formal": "Specifies a code or concept to be included or excluded. The list of codes is considered ordered, though the order may not have any particular significance.",
              "comments": "Expressions are allowed if defined by the underlying code system.",
              "min": 0,
              "max": "*",
              "type": [
                {
                  "code": "code"
                }
              ],
              "isModifier": false,
              "mapping": [
                {
                  "identity": "rim",
                  "map": "N/A"
                }
              ]
            }
          },
          {
            "path": "ValueSet.compose.include.filter",
            "definition": {
              "short": "Select codes/concepts by their properties (including relationships)",
              "formal": "Select concepts by specify a matching criteria based on the properties (including relationships) defined by the system. If multiple filters are specified, they SHALL all be true.",
              "comments": "Selecting codes by specifying filters based on properties is only possible where the underlying code system defines appropriate properties. Note that in some cases, the underlying code system defines the logical concepts but not the literal codes for the concepts. In such cases, the literal definitions may be provided by a third party.",
              "min": 0,
              "max": "*",
              "isModifier": false,
              "mapping": [
                {
                  "identity": "rim",
                  "map": "N/A"
                }
              ]
            }
          },
          {
            "path": "ValueSet.compose.include.filter.property",
            "definition": {
              "short": "A property defined by the code system",
              "formal": "A code that identifies a property defined in the code system.",
              "min": 1,
              "max": "1",
              "type": [
                {
                  "code": "code"
                }
              ],
              "isModifier": false,
              "mapping": [
                {
                  "identity": "rim",
                  "map": "N/A"
                }
              ]
            }
          },
          {
            "path": "ValueSet.compose.include.filter.op",
            "definition": {
              "short": "= | is-a | is-not-a | regex | in | not in",
              "formal": "The kind of operation to perform as a part of the filter criteria.",
              "min": 1,
              "max": "1",
              "type": [
                {
                  "code": "code"
                }
              ],
              "isModifier": false,
              "binding": {
                "name": "FilterOperator",
                "isExtensible": false,
                "description": "The kind of operation to perform as a part of a property based filter",
                "referenceResource": {
                  "reference": "http://hl7.org/fhir/vs/filter-operator"
                }
              },
              "mapping": [
                {
                  "identity": "rim",
                  "map": "N/A"
                }
              ]
            }
          },
          {
            "path": "ValueSet.compose.include.filter.value",
            "definition": {
              "short": "Code from the system, or regex criteria",
              "formal": "The match value may be either a code defined by the system, or a string value which is used a regex match on the literal string of the property value.",
              "comments": "Use regex matching with care - full regex matching on every SNOMED CT term is prohibitive, for example.",
              "min": 1,
              "max": "1",
              "type": [
                {
                  "code": "code"
                }
              ],
              "isModifier": false,
              "mapping": [
                {
                  "identity": "rim",
                  "map": "N/A"
                }
              ]
            }
          },
          {
            "path": "ValueSet.compose.exclude",
            "definition": {
              "short": "Explicitly exclude codes",
              "formal": "Exclude one or more codes from the value set.",
              "comments": "Usually this is used to selectively exclude codes that were included by subsumption in the inclusions.",
              "min": 0,
              "max": "*",
              "nameReference": "ValueSet.compose.include",
              "isModifier": false,
              "mapping": [
                {
                  "identity": "rim",
                  "map": "N/A"
                }
              ]
            }
          },
          {
            "path": "ValueSet.expansion",
            "definition": {
              "short": "When value set is an expansion",
              "formal": "When value set is an expansion.",
              "min": 0,
              "max": "1",
              "isModifier": false
            }
          },
          {
            "path": "ValueSet.expansion.identifier",
            "definition": {
              "short": "Uniquely identifies this expansion",
              "formal": "An identifier that uniquely identifies this expansion of the valueset. Systems may re-use the same identifier as long as the expansion and the definition remain the same, but are not required to do so.",
              "min": 0,
              "max": "1",
              "type": [
                {
                  "code": "Identifier"
                }
              ],
              "isModifier": false
            }
          },
          {
            "path": "ValueSet.expansion.timestamp",
            "definition": {
              "short": "Time valueset expansion happened",
              "formal": "Time valueset expansion happened.",
              "min": 1,
              "max": "1",
              "type": [
                {
                  "code": "instant"
                }
              ],
              "isModifier": false
            }
          },
          {
            "path": "ValueSet.expansion.contains",
            "definition": {
              "short": "Codes in the value set",
              "formal": "Codes in the value set.",
              "min": 0,
              "max": "*",
              "isModifier": false
            }
          },
          {
            "path": "ValueSet.expansion.contains.system",
            "definition": {
              "short": "System value for the code",
              "formal": "System value for the code.",
              "min": 0,
              "max": "1",
              "type": [
                {
                  "code": "uri"
                }
              ],
              "isModifier": false
            }
          },
          {
            "path": "ValueSet.expansion.contains.code",
            "definition": {
              "short": "Code - if blank, this is not a choosable code",
              "formal": "Code - if blank, this is not a choosable code.",
              "min": 0,
              "max": "1",
              "type": [
                {
                  "code": "code"
                }
              ],
              "isModifier": false
            }
          },
          {
            "path": "ValueSet.expansion.contains.display",
            "definition": {
              "short": "User display for the concept",
              "formal": "User display for the concept.",
              "min": 0,
              "max": "1",
              "type": [
                {
                  "code": "string"
                }
              ],
              "isModifier": false
            }
          },
          {
            "path": "ValueSet.expansion.contains.contains",
            "definition": {
              "short": "Codes contained in this concept",
              "formal": "Codes contained in this concept.",
              "min": 0,
              "max": "*",
              "nameReference": "ValueSet.expansion.contains",
              "isModifier": false
            }
          }
        ]
      }
    }
  ]
}