{
  "resourceType": "Profile",
  "text": {
    "status": "generated",
    "div": "<div>to do</div>"
  },
  "url": "http://hl7.org/fhir/Profile/valueset-extensions",
  "name": "ValueSet HL7 Extensions",
  "publisher": "HL7",
  "description": "Defines common extensions used with or related to the ValueSet resource",
  "status": "draft",
  "date": "2014-07-02T16:21:45.837+08:00",
  "extensionDefn": [
    {
      "code": "ordinalValue",
      "display": "Comparison value for ordinal codes",
      "contextType": "resource",
      "context": [
        "ValueSet.compose.include.code"
      ],
      "element": [
        {
          "path": "ordinalValue",
          "definition": {
            "short": "Comparison value for ordinal codes",
            "formal": "Comparison value for ordinal codes.",
            "min": 0,
            "max": "1",
            "type": [
              {
                "code": "integer"
              }
            ],
            "mustSupport": false,
            "isModifier": false
          }
        }
      ]
    },
    {
      "code": "conceptOrder",
      "display": "Appearance order for user selection",
      "contextType": "resource",
      "context": [
        "ValueSet.compose.include.code"
      ],
      "element": [
        {
          "path": "conceptOrder",
          "definition": {
            "short": "Appearance order for user selection",
            "formal": "Appearance order for user selection.",
            "min": 0,
            "max": "1",
            "type": [
              {
                "code": "integer"
              }
            ],
            "mustSupport": false,
            "isModifier": false
          }
        }
      ]
    },
    {
      "code": "display",
      "display": "Display value for the code",
      "contextType": "resource",
      "context": [
        "ValueSet.compose.include.code"
      ],
      "element": [
        {
          "path": "display",
          "definition": {
            "short": "Display value for the code",
            "formal": "Display value for the code.",
            "min": 0,
            "max": "*",
            "type": [
              {
                "code": "string"
              }
            ],
            "mustSupport": false,
            "isModifier": false
          }
        }
      ]
    },
    {
      "code": "systemName",
      "display": "Code system name",
      "contextType": "resource",
      "context": [
        "ValueSet.compose.include"
      ],
      "element": [
        {
          "path": "systemName",
          "definition": {
            "short": "Code system name",
            "formal": "Code system name.",
            "min": 0,
            "max": "1",
            "type": [
              {
                "code": "string"
              }
            ],
            "mustSupport": false,
            "isModifier": false
          }
        }
      ]
    },
    {
      "code": "systemRef",
      "display": "Where to find code system",
      "contextType": "resource",
      "context": [
        "ValueSet.compose.include"
      ],
      "element": [
        {
          "path": "systemRef",
          "definition": {
            "short": "Where to find code system",
            "formal": "Where to find code system.",
            "min": 0,
            "max": "1",
            "type": [
              {
                "code": "uri"
              }
            ],
            "mustSupport": false,
            "isModifier": false
          }
        }
      ]
    },
    {
      "code": "otherName",
      "display": "Alternative names",
      "contextType": "resource",
      "context": [
        "ValueSet"
      ],
      "element": [
        {
          "path": "otherName",
          "definition": {
            "short": "Alternative names",
            "formal": "Human readable names for the valueset.",
            "min": 0,
            "max": "*",
            "mustSupport": false,
            "isModifier": false
          }
        },
        {
          "path": "otherName.name",
          "definition": {
            "short": "Human readable, short and specific",
            "formal": "This name is intended to be human readable, short and as specific as possible and to convey the purpose of the value set.  It is considered to be the name of the value set.",
            "comments": "This need not be unique. However some use cases require uniqueness within a namespace and therefore best practice would be to make the name unique.",
            "min": 1,
            "max": "1",
            "type": [
              {
                "code": "string"
              }
            ],
            "mustSupport": false,
            "isModifier": false
          }
        },
        {
          "path": "otherName.language",
          "definition": {
            "short": "IETF language tag (BCP-13)",
            "formal": "This indicates the language system (e.g. US English) in which the name is expressed.",
            "min": 0,
            "max": "1",
            "type": [
              {
                "code": "code"
              }
            ],
            "mustSupport": false,
            "isModifier": false
          }
        },
        {
          "path": "otherName.preferred",
          "definition": {
            "short": "Which name is preferred for this language",
            "formal": "Flag that this Name in this Name Language is the preferred human-readable signifier in this language.",
            "comments": "There may be multiple human readable names in a given language, and this flag indicates which of them is preferred for the given language.",
            "min": 0,
            "max": "1",
            "type": [
              {
                "code": "boolean"
              }
            ],
            "mustSupport": false,
            "isModifier": false
          }
        }
      ]
    },
    {
      "code": "sourceReference",
      "display": "An external source useful in understanding the basis for the value set",
      "contextType": "resource",
      "context": [
        "ValueSet"
      ],
      "element": [
        {
          "path": "sourceReference",
          "definition": {
            "short": "An external source useful in understanding the basis for the value set",
            "formal": ": This text is intended to act as a citation to work done elsewhere that is not part of the current stewarding process where the referenced source is in some way a basis of the current value set definition.",
            "comments": "This is not intended to be a direct link to another value set. It is only intended to support a link or textual description that indicates related material for the value set.",
            "min": 0,
            "max": "1",
            "type": [
              {
                "code": "uri"
              }
            ],
            "mustSupport": false,
            "isModifier": false
          }
        }
      ]
    },
    {
      "code": "keyWord",
      "display": "can be used to help find the value set",
      "contextType": "resource",
      "context": [
        "ValueSet"
      ],
      "element": [
        {
          "path": "keyWord",
          "definition": {
            "short": "can be used to help find the value set",
            "formal": "Word or words used in an information retrieval system to indicate the content of the value set.",
            "min": 0,
            "max": "*",
            "type": [
              {
                "code": "string"
              }
            ],
            "mustSupport": false,
            "isModifier": false
          }
        }
      ]
    },
    {
      "code": "usage",
      "display": "Consumers of the value set and the implementations, projects or standards that the author has utilized the value set in",
      "contextType": "resource",
      "context": [
        "ValueSet"
      ],
      "element": [
        {
          "path": "usage",
          "definition": {
            "short": "Consumers of the value set and the implementations, projects or standards that the author has utilized the value set in",
            "formal": "The optional and repeating Use set of elements hold information about consumers of the value set and the implementations, projects or standards that the author has utilized the value set in.  Value sets that share the same Use information can be grouped together by that information for implementation purposes.",
            "comments": "This is likely to be a “point in time” view and should not be considered an authoritative listing of all uses of the value set.",
            "min": 0,
            "max": "*",
            "mustSupport": false,
            "isModifier": false
          }
        },
        {
          "path": "usage.user",
          "definition": {
            "short": "A consumer of or client for the value set",
            "formal": "This is most likely to be an organization but can be an individual. It would not be a program, that information should be recorded in the Usage.",
            "min": 1,
            "max": "1",
            "type": [
              {
                "code": "string"
              }
            ],
            "mustSupport": false,
            "isModifier": false
          }
        },
        {
          "path": "usage.use",
          "definition": {
            "short": "Implementation or project or standard that uses the value set",
            "formal": "A descriptive name of the project or standard in which the value set is used.",
            "min": 1,
            "max": "1",
            "type": [
              {
                "code": "string"
              }
            ],
            "mustSupport": false,
            "isModifier": false
          }
        }
      ]
    },
    {
      "code": "workflowStatus",
      "display": "Indicates the state of development of the value set",
      "contextType": "resource",
      "context": [
        "ValueSet"
      ],
      "element": [
        {
          "path": "workflowStatus",
          "definition": {
            "short": "Indicates the state of development of the value set",
            "formal": "Workflow Status is used to represent details of the value set development process while the value set has an Activity Status of Preliminary. The development of a value set often follows a formal workflow process from initiation to completion, and this element carries the state variable for this state machine. The assumption is that when first created a value set would have a workflow state of Draft. Additional workflow states may be used.",
            "comments": "The values that this element may assume include phrases that capture various stages in review and approval. In addition to the minimum of “Draft”,  these include “Proposed”, “Approved”, “Ready to Publish”.  There may be additional states defined by different developers. This is an optional element because the use of Activity Status “Preliminary” may be sufficient for some implementations.",
            "min": 0,
            "max": "1",
            "type": [
              {
                "code": "string"
              }
            ],
            "mustSupport": false,
            "isModifier": false
          }
        }
      ]
    },
    {
      "code": "effectiveDate",
      "display": "When the value set version becomes Active and is available for use",
      "contextType": "resource",
      "context": [
        "ValueSet"
      ],
      "element": [
        {
          "path": "effectiveDate",
          "definition": {
            "short": "When the value set version becomes Active and is available for use",
            "formal": "This is the first date-time when the value set version becomes active, so this value is present on Inactive value set versions as well. The start Date_time is expected to be as of 0001 UTC of the Effective Date.",
            "min": 0,
            "max": "1",
            "type": [
              {
                "code": "date"
              }
            ],
            "mustSupport": false,
            "isModifier": false
          }
        }
      ]
    },
    {
      "code": "expirationDate",
      "display": "When the value set version should no longer be used",
      "contextType": "resource",
      "context": [
        "ValueSet"
      ],
      "element": [
        {
          "path": "expirationDate",
          "definition": {
            "short": "When the value set version should no longer be used",
            "formal": "The date when the value set version is no longer expected to be used to create new content. This is the first date-time when the value set version becomes Inactive, so this value MUST present on all Inactive value set versions. The start Date_time is expected to be as of 0001 UTC of the Expiration Date.",
            "comments": "Upon reaching the Expiration Date, the value set Activity Status should be consdiered as inactive. An Inactive value set version may no longer be used to create new content, but it may be used to evaluate content created prior to the Expiration Date.",
            "min": 0,
            "max": "1",
            "type": [
              {
                "code": "date"
              }
            ],
            "mustSupport": false,
            "isModifier": false
          }
        }
      ]
    },
    {
      "code": "author",
      "display": "User or Org actually involved in creating the value set content",
      "contextType": "resource",
      "context": [
        "ValueSet"
      ],
      "element": [
        {
          "path": "author",
          "definition": {
            "short": "User or Org actually involved in creating the value set content",
            "formal": "User or Org actually involved in creating the value set content.",
            "min": 0,
            "max": "*",
            "type": [
              {
                "code": "string"
              }
            ],
            "mustSupport": false,
            "isModifier": false
          }
        }
      ]
    },
    {
      "code": "comment",
      "display": "Human-specified notes and other documentation",
      "contextType": "resource",
      "context": [
        "ValueSet"
      ],
      "element": [
        {
          "path": "comment",
          "definition": {
            "short": "Human-specified notes and other documentation",
            "formal": "Each comment is a time-stamped entry of arbitrary length that is not editable except by anyone in the author group.",
            "min": 0,
            "max": "*",
            "mustSupport": false,
            "isModifier": false
          }
        },
        {
          "path": "comment.content",
          "definition": {
            "short": "Remarks or other text",
            "formal": "Remarks or other text.",
            "min": 1,
            "max": "1",
            "type": [
              {
                "code": "string"
              }
            ],
            "mustSupport": false,
            "isModifier": false
          }
        },
        {
          "path": "comment.timestamp",
          "definition": {
            "short": "When the comment was created",
            "formal": "When the comment was created.",
            "min": 1,
            "max": "1",
            "type": [
              {
                "code": "instant"
              }
            ],
            "mustSupport": false,
            "isModifier": false
          }
        }
      ]
    },
    {
      "code": "trusted-expansion",
      "display": "Reference to a trusted expansion",
      "contextType": "resource",
      "context": [
        "ValueSet"
      ],
      "element": [
        {
          "path": "trusted-expansion",
          "definition": {
            "short": "Reference to a trusted expansion",
            "formal": "Reference to a trusted expansion.",
            "min": 0,
            "max": "*",
            "type": [
              {
                "code": "uri"
              }
            ],
            "mustSupport": false,
            "isModifier": false
          }
        }
      ]
    },
    {
      "code": "history",
      "display": "Information on changes made to the Value Set Definition over time, and also has a contained audit trail of all such changes",
      "contextType": "resource",
      "context": [
        "ValueSet"
      ],
      "element": [
        {
          "path": "history",
          "definition": {
            "short": "Information on changes made to the Value Set Definition over time, and also has a contained audit trail of all such changes",
            "formal": "Information on changes made to the Value Set Definition over time, and also has a contained audit trail of all such changes.",
            "min": 0,
            "max": "*",
            "mustSupport": false,
            "isModifier": false
          }
        },
        {
          "path": "history.name",
          "definition": {
            "short": "The name of this set of history entries",
            "formal": "The name of this set of history entries.",
            "comments": "Typically, a value set will have a set of history entries for each maor publication milestone.",
            "min": 0,
            "max": "1",
            "type": [
              {
                "code": "string"
              }
            ],
            "mustSupport": false,
            "isModifier": false
          }
        },
        {
          "path": "history.revision",
          "definition": {
            "short": "Audit of all changes for a history entry",
            "formal": "Audit of all changes for a history entry.",
            "min": 0,
            "max": "*",
            "mustSupport": false,
            "isModifier": false
          }
        },
        {
          "path": "history.revision.date",
          "definition": {
            "short": "Date the change was made",
            "formal": "Date the change was made.",
            "min": 1,
            "max": "1",
            "type": [
              {
                "code": "dateTime"
              }
            ],
            "mustSupport": false,
            "isModifier": false
          }
        },
        {
          "path": "history.revision.id",
          "definition": {
            "short": "Version marker after the change was made",
            "formal": "Version marker after the change was made.",
            "min": 1,
            "max": "1",
            "type": [
              {
                "code": "string"
              }
            ],
            "mustSupport": false,
            "isModifier": false
          }
        },
        {
          "path": "history.revision.author",
          "definition": {
            "short": "Who made the change",
            "formal": "Who made the change.",
            "min": 1,
            "max": "1",
            "type": [
              {
                "code": "string"
              }
            ],
            "mustSupport": false,
            "isModifier": false
          }
        },
        {
          "path": "history.revision.notes",
          "definition": {
            "short": "Information about the change",
            "formal": "Information about the change.",
            "min": 0,
            "max": "1",
            "type": [
              {
                "code": "string"
              }
            ],
            "mustSupport": false,
            "isModifier": false
          }
        }
      ]
    }
  ]
}