{
  "resourceType": "ValueSet",
  "text": {
    "status": "generated",
    "div": "<div><h2>Questionnaire Question Text Type</h2><p>Codes that define types of additional text that may be associated with a Questionnaire group or question.</p><p>This value set defines its own terms in the system http://hl7.org/fhir/questionnaire-question-text-type</p><table><tr><td><b>Code</b></td><td><b>Display</b></td><td><b>Definition</b></td></tr><tr><td>units<a name=\"units\"> </a></td><td>units</td><td>Identifies the units in which the question's answer should be captured</td></tr></table><p>In addition, this value set includes codes defined in other code systems, using the following rules:</p><ul><li>Import all the codes that are part of http://hl7.org/fhir/vs/valueset-questionnaire-text-type</li></ul></div>"
  },
  "identifier": "http://hl7.org/fhir/vs/questionnaire-question-text-type",
  "name": "Questionnaire Question Text Type",
  "publisher": "FHIR Project team",
  "telecom": [
    {
      "system": "url",
      "value": "http://hl7.org/fhir"
    }
  ],
  "description": "Codes that define types of additional text that may be associated with a Questionnaire group or question.",
  "status": "draft",
  "define": {
    "system": "http://hl7.org/fhir/questionnaire-question-text-type",
    "caseSensitive": false,
    "concept": [
      {
        "code": "units",
        "display": "units",
        "definition": "Identifies the units in which the question's answer should be captured"
      }
    ]
  },
  "compose": {
    "import": [
      "http://hl7.org/fhir/vs/valueset-questionnaire-text-type"
    ]
  }
}