<?xml version="1.0" encoding="UTF-8"?>

<ValueSet xmlns="http://hl7.org/fhir">
  <text>
    <status value="generated"/>
    <div xmlns="http://www.w3.org/1999/xhtml">
      <h2>ConstraintSeverity</h2>
      <p>SHALL applications comply with this constraint?</p>
      <p>This value set defines its own terms in the system http://hl7.org/fhir/constraint-severity</p>
      <table>
        <tr>
          <td>
            <b>Code</b>
          </td>
          <td>
            <b>Display</b>
          </td>
          <td>
            <b>Definition</b>
          </td>
        </tr>
        <tr>
          <td>error
            <a name="error"> </a>
          </td>
          <td/>
          <td>If the constraint is violated, the resource is not conformant.</td>
        </tr>
        <tr>
          <td>warning
            <a name="warning"> </a>
          </td>
          <td/>
          <td>If the constraint is violated, the resource is conformant, but it is not necessarily following best practice.</td>
        </tr>
      </table>
    </div>
  </text>
  <identifier value="http://hl7.org/fhir/vs/constraint-severity"/>
  <name value="ConstraintSeverity"/>
  <publisher value="HL7 (FHIR Project)"/>
  <telecom>
    <system value="url"/>
    <value value="http://hl7.org/fhir"/>
  </telecom>
  <telecom>
    <system value="email"/>
    <value value="fhir@lists.hl7.org"/>
  </telecom>
  <description value="SHALL applications comply with this constraint?"/>
  <status value="draft"/>
  <date value="2014-07-02T16:22:59.906+08:00"/>
  <define>
    <system value="http://hl7.org/fhir/constraint-severity"/>
    <caseSensitive value="true"/>
    <concept>
      <code value="error"/>
      <definition value="If the constraint is violated, the resource is not conformant."/>
    </concept>
    <concept>
      <code value="warning"/>
      <definition value="If the constraint is violated, the resource is conformant, but it is not necessarily following best practice."/>
    </concept>
  </define>
</ValueSet>