<?xml version="1.0" encoding="UTF-8"?><DataElement xmlns="http://hl7.org/fhir">
  <text>
    <status value="generated"/>
    <div xmlns="http://www.w3.org/1999/xhtml">TODO</div>
  </text>
  <contained>
    <ValueSet id="de42">
      <!-- 
         Side notes:
          - "1" is not a valid code system version for AdministrativeGender
          - The definition and display name for code "UN" is not valid
         -->
      <name value="Administrative Gender (HL7 V3)"/>
      <description value="TODO - remove"/>
      <status value="draft"/>
      <compose>
        <include>
          <system value="http://hl7.org/fhir/v3/AdministrativeGender"/>
          <version value="1"/>
          <code value="M"/>
        </include>
        <include>
          <system value="http://hl7.org/fhir/v3/AdministrativeGender"/>
          <version value="1"/>
          <code value="F"/>
        </include>
      </compose>
      <expansion>
        <timestamp value="2012-10-03T00:00:00"/>
        <contains>
          <system value="http://hl7.org/fhir/v3/AdministrativeGender"/>
          <code value="M"/>
          <display value="Male"/>
        </contains>
        <contains>
          <system value="http://hl7.org/fhir/v3/AdministrativeGender"/>
          <code value="F"/>
          <display value="Female"/>
        </contains>
      </expansion>
    </ValueSet>
  </contained>
  <identifier>
    <system value="http://nlm.nih.gov/some_other_text/data_element_identifier"/>
    <value value="DE42AHRQ"/>
  </identifier>
  <version value="1.2"/>
  <publisher value="Agency for Healthcare Research and Quality (AHRQ)"/>
  <telecom>
    <system value="email"/>
    <value value="william.munier@ahrq.hhs.gov"/>
  </telecom>
  <status value="draft"/>
  <date value="2012-10-21"/>
  <name value="Patient Gender"/>
  <category>
    <coding>
      <code value="Healthcare Event Reporting Form"/>
      <!--  Wasn't clear if the above was a code  -->
      <display value="Patient safety event report - hospital: healthcare event reporting form"/>
    </coding>
  </category>
  <code>
    <system value="http://loinc.org"/>
    <code value="72143-1"/>
    <primary value="true"/>
  </code>
  <question value="Patient&#39;s Gender"/>
  <definition value="The patient&#39;s documented gender on arrival at the hospital. "/>
  <requirements value="AHRQ Healthcare Event Reporting Form Patient safety event report - hospital: healthcare event reporting form (HERF) - version 1.2 [AHRQ] https://www.psoppc.org/c/document_library/get_file?uuid=6034c5aa-ad07-4dbe-ab19-0b45fb160683&amp;groupId=10218"/>
  <type value="dateTime"/>
  <binding>
    <isExtensible value="false"/>
    <conformance value="required"/>
    <valueSet>
      <reference value="#de42"/>
    </valueSet>
  </binding>
  <mapping>
    <extension url="http://hl7.org/fhir/Profile/dataelement-11179#objectClass">
      <valueCoding>
        <system value="http://snomed.info/sct"/>
        <code value="116154003"/>
        <display value="Patient"/>
      </valueCoding>
    </extension>
    <extension url="http://hl7.org/fhir/Profile/dataelement-11179#property">
      <valueCoding>
        <system value="http://snomed.info/sct"/>
        <code value="263495000"/>
        <display value="Gender"/>
      </valueCoding>
    </extension>
    <uri value="http://healthit.gov/sdc/objectclassproperty"/>
    <name value="Structured Data Capture ObjectClass/Property"/>
    <map value="http://snomed.info/sct#116154003 | http://snomed.info/sct | 263495000"/>
  </mapping>
</DataElement>