{
  "resourceType": "Profile",
  "text": {
    "status": "generated",
    "div": "<div>to do</div>"
  },
  "url": "http://hl7.org/fhir/Profile/element-extensions",
  "name": "Element-definition Extensions for use by FHIR Implementers",
  "publisher": "HL7 FHIR project",
  "telecom": [
    {
      "system": "url",
      "value": "http://hl7.org/fhir"
    }
  ],
  "description": "A set of extensions that constrain data elements, whether used in CommonDataElements, Profiles or Questionnaires",
  "status": "draft",
  "date": "2014-04-27",
  "mapping": [
    {
      "identity": "v2",
      "uri": "http://hl7.org/v2",
      "name": "HL7 v2"
    },
    {
      "identity": "rim",
      "uri": "http://hl7.org/v3",
      "name": "RIM"
    }
  ],
  "extensionDefn": [
    {
      "code": "minLength",
      "display": "At least this many characters",
      "contextType": "resource",
      "context": [
        "DataElement",
        "Questionnaire.group.question",
        "Profile.structure.element.definition"
      ],
      "element": [
        {
          "path": "minLength",
          "definition": {
            "short": "At least this many characters",
            "formal": "The minimum number of characters that must be present in the simple data type to be considered a \"valid\" instance.",
            "comments": "For base64binary, reflects the number of characters representing the encoded data, not the number of bytes of the binary data.",
            "min": 0,
            "max": "1",
            "type": [
              {
                "code": "integer"
              }
            ],
            "mustSupport": false,
            "isModifier": false,
            "mapping": [
              {
                "identity": "v2",
                "map": "N/A"
              },
              {
                "identity": "rim",
                "map": "N/A (MIF-level)"
              }
            ]
          }
        }
      ]
    },
    {
      "code": "maxLength",
      "display": "No more than this many characters",
      "contextType": "resource",
      "context": [
        "DataElement",
        "Questionnaire.group.question"
      ],
      "element": [
        {
          "path": "maxLength",
          "definition": {
            "short": "No more than this many characters",
            "formal": "The maximum number of characters that must be present in the simple data type to be considered a \"valid\" instance.",
            "comments": "For base64binary, reflects the number of characters representing the encoded data, not the number of bytes of the binary data.",
            "min": 0,
            "max": "1",
            "type": [
              {
                "code": "integer"
              }
            ],
            "mustSupport": false,
            "isModifier": false,
            "mapping": [
              {
                "identity": "v2",
                "map": "N/A"
              },
              {
                "identity": "rim",
                "map": "N/A (MIF-level)"
              }
            ]
          }
        }
      ]
    },
    {
      "code": "regex",
      "display": "Regular expression pattern",
      "contextType": "resource",
      "context": [
        "DataElement",
        "Questionnaire.group.question",
        "Profile.structure.element.definition"
      ],
      "element": [
        {
          "path": "regex",
          "definition": {
            "short": "Regular expression pattern",
            "formal": "A regular expression that defines the syntax for the data element to be considered valid.",
            "min": 0,
            "max": "1",
            "type": [
              {
                "code": "string"
              }
            ],
            "mustSupport": false,
            "isModifier": false,
            "mapping": [
              {
                "identity": "v2",
                "map": "N/A"
              },
              {
                "identity": "rim",
                "map": "N/A (MIF-level)"
              }
            ]
          }
        }
      ]
    },
    {
      "code": "entryFormat",
      "display": "User prompt for format",
      "contextType": "resource",
      "context": [
        "DataElement",
        "Questionnaire.group.question",
        "Profile.structure.element.definition"
      ],
      "element": [
        {
          "path": "entryFormat",
          "definition": {
            "short": "User prompt for format",
            "formal": "A syntax intended for display to the user to guide their input (i.e. a human readable version of a rgular expression).  For example \"nnn-nnn-nnn\".",
            "min": 0,
            "max": "1",
            "type": [
              {
                "code": "string"
              }
            ],
            "mustSupport": false,
            "isModifier": false,
            "mapping": [
              {
                "identity": "v2",
                "map": "N/A"
              },
              {
                "identity": "rim",
                "map": "N/A (MIF-level)"
              }
            ]
          }
        }
      ]
    },
    {
      "code": "minValue",
      "display": "Must be >= this value",
      "contextType": "resource",
      "context": [
        "DataElement",
        "Questionnaire.group.question",
        "Profile.structure.element.definition"
      ],
      "element": [
        {
          "path": "minValue",
          "definition": {
            "short": "Must be >= this value",
            "formal": "The inclusive lower bound on the range of allowed values for the data element.",
            "comments": "Data type specified must be the same as the data type for the data element.",
            "min": 0,
            "max": "1",
            "type": [
              {
                "code": "date"
              },
              {
                "code": "dateTime"
              },
              {
                "code": "decimal"
              },
              {
                "code": "integer"
              }
            ],
            "mustSupport": false,
            "isModifier": false,
            "mapping": [
              {
                "identity": "v2",
                "map": "N/A"
              },
              {
                "identity": "rim",
                "map": "N/A (MIF-level)"
              }
            ]
          }
        }
      ]
    },
    {
      "code": "maxValue",
      "display": "Must be <= this value",
      "contextType": "resource",
      "context": [
        "DataElement",
        "Questionnaire.group.question",
        "Profile.structure.element.definition"
      ],
      "element": [
        {
          "path": "maxValue",
          "definition": {
            "short": "Must be <= this value",
            "formal": "The inclusive upper bound on the range of allowed values for the data element.",
            "comments": "Data type specified must be the same as the data type for the data element.",
            "min": 0,
            "max": "1",
            "type": [
              {
                "code": "date"
              },
              {
                "code": "dateTime"
              },
              {
                "code": "decimal"
              },
              {
                "code": "integer"
              }
            ],
            "mustSupport": false,
            "isModifier": false,
            "mapping": [
              {
                "identity": "v2",
                "map": "N/A"
              },
              {
                "identity": "rim",
                "map": "N/A (MIF-level)"
              }
            ]
          }
        }
      ]
    },
    {
      "code": "maxDecimalPlaces",
      "display": "Maximum digits after decimal",
      "contextType": "resource",
      "context": [
        "DataElement",
        "Questionnaire.group.question",
        "Profile.structure.element.definition"
      ],
      "element": [
        {
          "path": "maxDecimalPlaces",
          "definition": {
            "short": "Maximum digits after decimal",
            "formal": "Identifies the maximum number of decimal places that may be specified for the data element.",
            "min": 0,
            "max": "1",
            "type": [
              {
                "code": "integer"
              }
            ],
            "mustSupport": false,
            "isModifier": false,
            "mapping": [
              {
                "identity": "v2",
                "map": "N/A"
              },
              {
                "identity": "rim",
                "map": "N/A (MIF-level)"
              }
            ]
          }
        }
      ]
    }
  ]
}