{
  "resourceType": "Profile",
  "text": {
    "status": "generated",
    "div": "<div>to do</div>"
  },
  "url": "http://hl7.org/fhir/Profile/familyhistory-genetics-pedigree",
  "name": "Family history for genetics analysis",
  "publisher": "HL7 International - Clinical Genomics WG",
  "telecom": [
    {
      "system": "url",
      "value": "http://www.hl7.org/Special/committees/clingenomics"
    }
  ],
  "description": "Adds additional information to a family history supporting both the capture of mother/father relationships as well as additional observations necessary to enable genetics-based risk analysis for patients",
  "status": "draft",
  "date": "2013-10-02",
  "mapping": [
    {
      "identity": "rim",
      "uri": "http://hl7.org/v3",
      "name": "RIM"
    }
  ],
  "structure": [
    {
      "type": "FamilyHistory",
      "base": "http://hl7.org/fhir/Profile/FamilyHistory",
      "name": "GeneticPedigreeFamilyHistory",
      "publish": true,
      "snapshot": {
        "element": [
          {
            "path": "FamilyHistory",
            "definition": {
              "short": "Information about patient's relatives, relevant for patient",
              "formal": "Significant health events and conditions for people related to the subject relevant in the context of care for the subject.",
              "min": 1,
              "max": "1",
              "type": [
                {
                  "code": "Resource"
                }
              ],
              "isModifier": false,
              "mapping": [
                {
                  "identity": "v2",
                  "map": "Not in scope for v2"
                },
                {
                  "identity": "rim",
                  "map": "Observation[classCode=OBS, moodCode=EVN]"
                }
              ]
            }
          },
          {
            "path": "FamilyHistory.extension",
            "definition": {
              "short": "Additional Content defined by implementations",
              "formal": "May be used to represent additional information that is not part of the basic definition of the resource. In order to make the use of extensions safe and manageable, there is a strict governance applied to the definition and use of extensions. Though any implementer is allowed to define an extension, there is a set of requirements that SHALL be met as part of the definition of the extension.",
              "comments": "there can be no stigma associated with the use of extensions by any application, project, or standard - regardless of the institution or jurisdiction that uses or defines the extensions.  The use of extensions is what allows the FHIR specification to retain a core simplicity for everyone.",
              "synonym": [
                "extensions",
                "user content"
              ],
              "min": 0,
              "max": "*",
              "type": [
                {
                  "code": "Extension"
                }
              ]
            }
          },
          {
            "path": "FamilyHistory.modifierExtension",
            "definition": {
              "short": "Extensions that cannot be ignored",
              "formal": "May be used to represent additional information that is not part of the basic definition of the resource, and that modifies the understanding of the element that contains it. Usually modifier elements provide negation or qualification. In order to make the use of extensions safe and manageable, there is a strict governance applied to the definition and use of extensions. Though any implementer is allowed to define an extension, there is a set of requirements that SHALL be met as part of the definition of the extension. Applications processing a resource are required to check for modifier extensions.",
              "comments": "there can be no stigma associated with the use of extensions by any application, project, or standard - regardless of the institution or jurisdiction that uses or defines the extensions.  The use of extensions is what allows the FHIR specification to retain a core simplicity for everyone.",
              "synonym": [
                "extensions",
                "user content"
              ],
              "min": 0,
              "max": "*",
              "type": [
                {
                  "code": "Extension"
                }
              ]
            }
          },
          {
            "path": "FamilyHistory.language",
            "definition": {
              "short": "Language of the resource content",
              "formal": "The base language in which the resource is written.",
              "comments": "Language is provided to support indexing and accessibility (typically, services such as text to speech use the language tag). The html language tag in the narrative applies  to the narrative. The language tag on the resource may be used to specify the language of other presentations generated from the data in the resource\n\nNot all the content has to be in the base language. The Resource.language should not be assumed to apply to the narrative automatically. If a language is specified, it should it also be specified on the div element in the html (see rules in HTML5 for information about the relationship between xml:lang and the html lang attribute).",
              "min": 0,
              "max": "1",
              "type": [
                {
                  "code": "code"
                }
              ]
            }
          },
          {
            "path": "FamilyHistory.text",
            "definition": {
              "short": "Text summary of the resource, for human interpretation",
              "formal": "A human-readable narrative that contains a summary of the resource, and may be used to represent the content of the resource to a human. The narrative need not encode all the structured data, but is required to contain sufficient detail to make it \"clinically safe\" for a human to just read the narrative. Resource definitions may define what content should be represented in the narrative to ensure clinical safety.",
              "comments": "Contained resources do not have narrative. Resources that are not contained SHOULD have a narrative.",
              "synonym": [
                "narrative",
                "html",
                "xhtml",
                "display"
              ],
              "min": 0,
              "max": "1",
              "type": [
                {
                  "code": "Narrative"
                }
              ]
            }
          },
          {
            "path": "FamilyHistory.contained",
            "definition": {
              "short": "Contained, inline Resources",
              "formal": "These resources do not have an independent existence apart from the resource that contains them - they cannot be identified independently, and nor can they have their own independent transaction scope.",
              "comments": "This should never be done when the content can be identified properly, as once identification is lost, it is extremely difficult (and context dependent) to restore it again.",
              "synonym": [
                "inline resources",
                "anonymous resources",
                "contained resources"
              ],
              "min": 0,
              "max": "*",
              "type": [
                {
                  "code": "Resource"
                }
              ]
            }
          },
          {
            "path": "FamilyHistory.identifier",
            "definition": {
              "short": "External Id(s) for this record",
              "formal": "This records identifiers associated with this family history record that are defined by business processes and/ or used to refer to it when a direct URL reference to the resource itself is not appropriate (e.g. in CDA documents, or in written / printed documentation).",
              "min": 0,
              "max": "*",
              "type": [
                {
                  "code": "Identifier"
                }
              ],
              "isModifier": false,
              "mapping": [
                {
                  "identity": "rim",
                  "map": "id"
                }
              ]
            }
          },
          {
            "path": "FamilyHistory.subject",
            "definition": {
              "short": "Patient history is about",
              "formal": "The person who this history concerns.",
              "min": 1,
              "max": "1",
              "type": [
                {
                  "code": "ResourceReference",
                  "profile": "http://hl7.org/fhir/Profile/Patient"
                }
              ],
              "isModifier": false,
              "mapping": [
                {
                  "identity": "rim",
                  "map": "participation[typeCode=SBJ].role"
                }
              ]
            }
          },
          {
            "path": "FamilyHistory.date",
            "definition": {
              "short": "When history was captured/updated",
              "formal": "The date (and possibly time) when the family history was taken.",
              "min": 0,
              "max": "1",
              "type": [
                {
                  "code": "dateTime"
                }
              ],
              "isModifier": false,
              "mapping": [
                {
                  "identity": "rim",
                  "map": "participation[typeCode=AUT].time"
                }
              ]
            }
          },
          {
            "path": "FamilyHistory.note",
            "definition": {
              "short": "Additional details not covered elsewhere",
              "formal": "Conveys information about family history not specific to individual relations.",
              "min": 0,
              "max": "1",
              "type": [
                {
                  "code": "string"
                }
              ],
              "isModifier": false,
              "mapping": [
                {
                  "identity": "rim",
                  "map": "inboundRelationship[typeCode=SUBJ].source[classCode=OBS, moodCode=EVN, code=ActCode#ANNGEN].value"
                }
              ]
            }
          },
          {
            "path": "FamilyHistory.relation",
            "definition": {
              "short": "Relative described by history",
              "formal": "The related person. Each FamilyHistory resource contains the entire family history for a single person.",
              "min": 1,
              "max": "*",
              "isModifier": false,
              "mapping": [
                {
                  "identity": "rim",
                  "map": "participation[typeCode=SBJ].role[classCode=PAT].player[classCode<LIV, moodCode=INSTANCE].scopedRole"
                }
              ]
            }
          },
          {
            "path": "FamilyHistory.relation.extension",
            "slicing": {
              "discriminator": "url",
              "rules": "open"
            },
            "definition": {
              "short": "Additional Content defined by implementations",
              "formal": "May be used to represent additional information that is not part of the basic definition of the resource. In order to make the use of extensions safe and manageable, there is a strict governance applied to the definition and use of extensions. Though any implementer is allowed to define an extension, there is a set of requirements that SHALL be met as part of the definition of the extension.",
              "comments": "there can be no stigma associated with the use of extensions by any application, project, or standard - regardless of the institution or jurisdiction that uses or defines the extensions.  The use of extensions is what allows the FHIR specification to retain a core simplicity for everyone.",
              "synonym": [
                "extensions",
                "user content"
              ],
              "min": 0,
              "max": "*",
              "type": [
                {
                  "code": "Extension"
                }
              ]
            }
          },
          {
            "path": "FamilyHistory.relation.extension",
            "definition": {
              "short": "Additional Content defined by implementations",
              "formal": "May be used to represent additional information that is not part of the basic definition of the resource. In order to make the use of extensions safe and manageable, there is a strict governance applied to the definition and use of extensions. Though any implementer is allowed to define an extension, there is a set of requirements that SHALL be met as part of the definition of the extension.",
              "comments": "there can be no stigma associated with the use of extensions by any application, project, or standard - regardless of the institution or jurisdiction that uses or defines the extensions.  The use of extensions is what allows the FHIR specification to retain a core simplicity for everyone.",
              "synonym": [
                "extensions",
                "user content"
              ],
              "min": 0,
              "max": "*",
              "type": [
                {
                  "code": "ResourceReference",
                  "profile": "#relationParent"
                }
              ]
            }
          },
          {
            "path": "FamilyHistory.relation.extension",
            "definition": {
              "short": "Additional Content defined by implementations",
              "formal": "May be used to represent additional information that is not part of the basic definition of the resource. In order to make the use of extensions safe and manageable, there is a strict governance applied to the definition and use of extensions. Though any implementer is allowed to define an extension, there is a set of requirements that SHALL be met as part of the definition of the extension.",
              "comments": "there can be no stigma associated with the use of extensions by any application, project, or standard - regardless of the institution or jurisdiction that uses or defines the extensions.  The use of extensions is what allows the FHIR specification to retain a core simplicity for everyone.",
              "synonym": [
                "extensions",
                "user content"
              ],
              "min": 0,
              "max": "*",
              "type": [
                {
                  "code": "ResourceReference",
                  "profile": "#relationObservation"
                }
              ]
            }
          },
          {
            "path": "FamilyHistory.relation.modifierExtension",
            "definition": {
              "short": "Extensions that cannot be ignored",
              "formal": "May be used to represent additional information that is not part of the basic definition of the resource, and that modifies the understanding of the element that contains it. Usually modifier elements provide negation or qualification. In order to make the use of extensions safe and manageable, there is a strict governance applied to the definition and use of extensions. Though any implementer is allowed to define an extension, there is a set of requirements that SHALL be met as part of the definition of the extension. Applications processing a resource are required to check for modifier extensions.",
              "comments": "there can be no stigma associated with the use of extensions by any application, project, or standard - regardless of the institution or jurisdiction that uses or defines the extensions.  The use of extensions is what allows the FHIR specification to retain a core simplicity for everyone.",
              "synonym": [
                "extensions",
                "user content"
              ],
              "min": 0,
              "max": "*",
              "type": [
                {
                  "code": "Extension"
                }
              ]
            }
          },
          {
            "path": "FamilyHistory.relation.name",
            "definition": {
              "short": "The family member described",
              "formal": "This will either be a name or a description.  E.g. \"Aunt Susan\", \"my cousin with the red hair\".",
              "min": 0,
              "max": "1",
              "type": [
                {
                  "code": "string"
                }
              ],
              "isModifier": false,
              "mapping": [
                {
                  "identity": "rim",
                  "map": "name"
                }
              ]
            }
          },
          {
            "path": "FamilyHistory.relation.relationship",
            "definition": {
              "short": "Relationship to the subject",
              "formal": "The type of relationship this person has to the patient (father, mother, brother etc.).",
              "min": 1,
              "max": "1",
              "type": [
                {
                  "code": "CodeableConcept"
                }
              ],
              "isModifier": false,
              "binding": {
                "name": "FamilialRelationship",
                "isExtensible": false,
                "description": "The nature of the relationship between the patient and the related person being described in the family history",
                "referenceResource": {
                  "reference": "http://hl7.org/fhir/v3/vs/FamilyMember"
                }
              },
              "mapping": [
                {
                  "identity": "rim",
                  "map": "code"
                }
              ]
            }
          },
          {
            "path": "FamilyHistory.relation.born[x]",
            "definition": {
              "short": "(approximate) date of birth",
              "formal": "The actual or approximate date of birth of the relative.",
              "min": 0,
              "max": "1",
              "type": [
                {
                  "code": "Period"
                },
                {
                  "code": "date"
                },
                {
                  "code": "string"
                }
              ],
              "isModifier": false,
              "mapping": [
                {
                  "identity": "rim",
                  "map": "player[classCode=LIV, determinerCode=INSTANCE]. birthDate (could be URG)"
                }
              ]
            }
          },
          {
            "path": "FamilyHistory.relation.deceased[x]",
            "definition": {
              "short": "Dead? How old/when?",
              "formal": "If this resource is indicating that the related person is deceased, then an indicator of whether the person is deceased (yes) or not (no) or the age or age range or description of age at death - can be indicated here. If the reason for death is known, then it can be indicated in the outcome code of the condition - in this case the deceased property should still be set.",
              "min": 0,
              "max": "1",
              "type": [
                {
                  "code": "boolean"
                },
                {
                  "code": "Age"
                },
                {
                  "code": "Range"
                },
                {
                  "code": "string"
                }
              ],
              "isModifier": false,
              "mapping": [
                {
                  "identity": "rim",
                  "map": "player[classCode=LIV, determinerCode=INSTANCE].deceasedInd, deceasedDate (could be URG)\n\nFor age, you'd hang an observation off the role"
                }
              ]
            }
          },
          {
            "path": "FamilyHistory.relation.note",
            "definition": {
              "short": "General note about related person",
              "formal": "This property allows a non condition-specific note to the made about the related person. Ideally, the note would be in the condition property, but this is not always possible.",
              "min": 0,
              "max": "1",
              "type": [
                {
                  "code": "string"
                }
              ],
              "isModifier": false,
              "mapping": [
                {
                  "identity": "rim",
                  "map": "inboundRelationship[typeCode=SUBJ].source[classCode=OBS, moodCode=EVN, code=ActCode#ANNGEN].value"
                }
              ]
            }
          },
          {
            "path": "FamilyHistory.relation.condition",
            "definition": {
              "short": "Condition that the related person had",
              "formal": "The significant Conditions (or condition) that the family member had. This is a repeating section to allow a system to represent more than one condition per resource, though there is nothing stopping multiple resources - one per condition.",
              "min": 0,
              "max": "*",
              "isModifier": false,
              "mapping": [
                {
                  "identity": "rim",
                  "map": "inboundRelationship[typeCode=SUBJ].source[classCode=OBS, moodCode=EVN, code=ActCode#ASSERTION, value<Diagnosis]"
                }
              ]
            }
          },
          {
            "path": "FamilyHistory.relation.condition.extension",
            "definition": {
              "short": "Additional Content defined by implementations",
              "formal": "May be used to represent additional information that is not part of the basic definition of the resource. In order to make the use of extensions safe and manageable, there is a strict governance applied to the definition and use of extensions. Though any implementer is allowed to define an extension, there is a set of requirements that SHALL be met as part of the definition of the extension.",
              "comments": "there can be no stigma associated with the use of extensions by any application, project, or standard - regardless of the institution or jurisdiction that uses or defines the extensions.  The use of extensions is what allows the FHIR specification to retain a core simplicity for everyone.",
              "synonym": [
                "extensions",
                "user content"
              ],
              "min": 0,
              "max": "*",
              "type": [
                {
                  "code": "Extension"
                }
              ]
            }
          },
          {
            "path": "FamilyHistory.relation.condition.modifierExtension",
            "definition": {
              "short": "Extensions that cannot be ignored",
              "formal": "May be used to represent additional information that is not part of the basic definition of the resource, and that modifies the understanding of the element that contains it. Usually modifier elements provide negation or qualification. In order to make the use of extensions safe and manageable, there is a strict governance applied to the definition and use of extensions. Though any implementer is allowed to define an extension, there is a set of requirements that SHALL be met as part of the definition of the extension. Applications processing a resource are required to check for modifier extensions.",
              "comments": "there can be no stigma associated with the use of extensions by any application, project, or standard - regardless of the institution or jurisdiction that uses or defines the extensions.  The use of extensions is what allows the FHIR specification to retain a core simplicity for everyone.",
              "synonym": [
                "extensions",
                "user content"
              ],
              "min": 0,
              "max": "*",
              "type": [
                {
                  "code": "Extension"
                }
              ]
            }
          },
          {
            "path": "FamilyHistory.relation.condition.type",
            "definition": {
              "short": "Condition suffered by relation",
              "formal": "The actual condition specified. Could be a coded condition (like MI or Diabetes) or a less specific string like 'cancer' depending on how much is known about the condition and the capabilities of the creating system.",
              "min": 1,
              "max": "1",
              "type": [
                {
                  "code": "CodeableConcept"
                }
              ],
              "isModifier": false,
              "mapping": [
                {
                  "identity": "rim",
                  "map": ".value"
                }
              ]
            }
          },
          {
            "path": "FamilyHistory.relation.condition.outcome",
            "definition": {
              "short": "deceased | permanent disability | etc.",
              "formal": "Indicates what happened as a result of this condition.  If the condition resulted in death, deceased date is captured on the relation.",
              "min": 0,
              "max": "1",
              "type": [
                {
                  "code": "CodeableConcept"
                }
              ],
              "isModifier": false,
              "binding": {
                "name": "ConditionOutcome",
                "isExtensible": false,
                "description": "The result of the condition for the patient.  E.g. death, permanent disability, temporary disability, etc."
              },
              "mapping": [
                {
                  "identity": "rim",
                  "map": "outboundRelationship[typeCode=OUTC)].target[classCode=OBS, moodCode=EVN, code=ActCode#ASSERTION].value"
                }
              ]
            }
          },
          {
            "path": "FamilyHistory.relation.condition.onset[x]",
            "definition": {
              "short": "When condition first manifested",
              "formal": "Either the age of onset, range of approximate age or descriptive string can be recorded.  For conditions with multiple occurrences, this describes the first known occurrence.",
              "min": 0,
              "max": "1",
              "type": [
                {
                  "code": "Age"
                },
                {
                  "code": "Range"
                },
                {
                  "code": "string"
                }
              ],
              "isModifier": false,
              "mapping": [
                {
                  "identity": "rim",
                  "map": "inboundRelationship[typeCode=SUBJ].source[classCode=OBS, moodCode=EVN, code=\"Subject Age at measurement\", value<Diagnosis].value[@xsi:typeCode='TS' or 'IVL_TS']\n\nUse originalText for string"
                }
              ]
            }
          },
          {
            "path": "FamilyHistory.relation.condition.note",
            "definition": {
              "short": "Extra information about condition",
              "formal": "An area where general notes can be placed about this specific condition.",
              "min": 0,
              "max": "1",
              "type": [
                {
                  "code": "string"
                }
              ],
              "isModifier": false,
              "mapping": [
                {
                  "identity": "rim",
                  "map": "inboundRelationship[typeCode=SUBJ].source[classCode=OBS, moodCode=EVN, code=ActCode#ANNGEN].value"
                }
              ]
            }
          }
        ]
      },
      "differential": {
        "element": [
          {
            "path": "FamilyHistory",
            "name": "GeneticPedigreeFamilyHistory",
            "definition": {
              "min": 1,
              "max": "1",
              "type": [
                {
                  "code": "Resource"
                }
              ],
              "isModifier": false
            }
          },
          {
            "path": "FamilyHistory.subject",
            "definition": {
              "min": 1,
              "max": "1",
              "type": [
                {
                  "code": "ResourceReference",
                  "profile": "http://hl7.org/fhir/Profile/Patient"
                }
              ],
              "isModifier": false
            }
          },
          {
            "path": "FamilyHistory.note",
            "definition": {
              "min": 0,
              "max": "1",
              "type": [
                {
                  "code": "string"
                }
              ],
              "isModifier": false
            }
          },
          {
            "path": "FamilyHistory.relation",
            "definition": {
              "min": 1,
              "max": "*",
              "isModifier": false
            }
          },
          {
            "path": "FamilyHistory.relation.extension",
            "slicing": {
              "discriminator": "url",
              "rules": "open"
            }
          },
          {
            "path": "FamilyHistory.relation.extension",
            "name": "Parent",
            "definition": {
              "min": 0,
              "max": "*",
              "type": [
                {
                  "code": "ResourceReference",
                  "profile": "#relationParent"
                }
              ],
              "isModifier": false
            }
          },
          {
            "path": "FamilyHistory.relation.extension",
            "name": "Observation",
            "definition": {
              "min": 0,
              "max": "*",
              "type": [
                {
                  "code": "ResourceReference",
                  "profile": "#relationObservation"
                }
              ],
              "isModifier": false
            }
          },
          {
            "path": "FamilyHistory.relation.name",
            "definition": {
              "min": 0,
              "max": "1",
              "type": [
                {
                  "code": "string"
                }
              ],
              "isModifier": false
            }
          },
          {
            "path": "FamilyHistory.relation.relationship",
            "definition": {
              "min": 1,
              "max": "1",
              "type": [
                {
                  "code": "CodeableConcept"
                }
              ],
              "isModifier": false
            }
          },
          {
            "path": "FamilyHistory.relation.born[x]",
            "definition": {
              "min": 0,
              "max": "1",
              "type": [
                {
                  "code": "Period"
                },
                {
                  "code": "date"
                },
                {
                  "code": "string"
                }
              ],
              "isModifier": false
            }
          },
          {
            "path": "FamilyHistory.relation.deceased[x]",
            "definition": {
              "min": 0,
              "max": "1",
              "type": [
                {
                  "code": "boolean"
                },
                {
                  "code": "Age"
                },
                {
                  "code": "Range"
                },
                {
                  "code": "string"
                }
              ],
              "isModifier": false
            }
          },
          {
            "path": "FamilyHistory.relation.note",
            "definition": {
              "min": 0,
              "max": "1",
              "type": [
                {
                  "code": "string"
                }
              ],
              "isModifier": false
            }
          },
          {
            "path": "FamilyHistory.relation.condition",
            "definition": {
              "min": 0,
              "max": "*",
              "isModifier": false
            }
          },
          {
            "path": "FamilyHistory.relation.condition.type",
            "definition": {
              "min": 1,
              "max": "1",
              "type": [
                {
                  "code": "CodeableConcept"
                }
              ],
              "isModifier": false
            }
          },
          {
            "path": "FamilyHistory.relation.condition.outcome",
            "definition": {
              "min": 0,
              "max": "1",
              "type": [
                {
                  "code": "CodeableConcept"
                }
              ],
              "isModifier": false
            }
          },
          {
            "path": "FamilyHistory.relation.condition.onset[x]",
            "definition": {
              "min": 0,
              "max": "1",
              "type": [
                {
                  "code": "Age"
                },
                {
                  "code": "Range"
                },
                {
                  "code": "string"
                }
              ],
              "isModifier": false
            }
          },
          {
            "path": "FamilyHistory.relation.condition.note",
            "definition": {
              "min": 0,
              "max": "1",
              "type": [
                {
                  "code": "string"
                }
              ],
              "isModifier": false
            }
          }
        ]
      }
    }
  ],
  "extensionDefn": [
    {
      "code": "relationParent",
      "display": "Mother(s) & Father(s) - genetic & other",
      "contextType": "resource",
      "context": [
        "FamilyHistory.relation"
      ],
      "element": [
        {
          "path": "relationParent",
          "definition": {
            "short": "Mother(s) & Father(s) - genetic & other",
            "formal": "Identifies a parent of the relative.",
            "comments": "Some individuals may have more than two parents (e.g. genetic vs. adoptive parents).  Even non-genetic relationships can be relevant in terms of genetic exposure.",
            "min": 0,
            "max": "*",
            "mustSupport": false,
            "isModifier": false,
            "mapping": [
              {
                "identity": "rim",
                "map": "player[classCode<LIV, determinerCode=INSTANCE].scopesRole"
              }
            ]
          }
        },
        {
          "path": "relationParent.type",
          "definition": {
            "short": "mother | father | adoptive mother | etc.",
            "formal": "Distinguishes between different types of parental relationships with varying granularity to support capturing the relationship \"to the degree known\".",
            "min": 1,
            "max": "1",
            "type": [
              {
                "code": "CodeableConcept"
              }
            ],
            "mustSupport": false,
            "isModifier": false,
            "binding": {
              "name": "ParentRelationshipType",
              "isExtensible": false,
              "description": "Parental relationship types",
              "referenceResource": {
                "reference": "http://hl7.org/fhir/vs/parent-relationship-codes"
              }
            },
            "mapping": [
              {
                "identity": "rim",
                "map": "code"
              }
            ]
          }
        },
        {
          "path": "relationParent.identifier",
          "definition": {
            "short": "Link to parent relative(s)",
            "formal": "Points to the 'id' attribute on the relation who is the parent of this relation.",
            "min": 1,
            "max": "1",
            "type": [
              {
                "code": "uri"
              }
            ],
            "mustSupport": false,
            "isModifier": false,
            "mapping": [
              {
                "identity": "rim",
                "map": "player.id"
              }
            ]
          }
        }
      ]
    },
    {
      "code": "relationObservation",
      "display": "Genetic markers, ethnicity, etc.",
      "contextType": "resource",
      "context": [
        "FamilyHistory.relation"
      ],
      "element": [
        {
          "path": "relationObservation",
          "definition": {
            "short": "Genetic markers, ethnicity, etc.",
            "formal": "Allows capturing risk-relevant observations about the relative that aren't themselves a specific health condition.  E.g. Certain ethnic ancestries that are disease-relevant, presence of particular genetic markers, etc.",
            "comments": "This may be extended with additional genomics-specific resources when they are ready.",
            "min": 0,
            "max": "*",
            "type": [
              {
                "code": "Resource(Observation)"
              }
            ],
            "mustSupport": false,
            "isModifier": false,
            "mapping": [
              {
                "identity": "rim",
                "map": "inboundRelationship[typeCode=SUBJ].source"
              }
            ]
          }
        }
      ]
    }
  ]
}