{"resourceType":"FamilyHistory","text":{"status":"generated","div":"<div>Father died of a heart attack aged 74</div>"},"subject":{"reference":"Patient/example","display":"Peter Patient"},"date":"2011-03-18","relation":[{"relationship":{"coding":[{"system":"http://hl7.org/fhir/familial-relationship","code":"father"}]},"condition":[{"type":{"coding":[{"system":"http://snomed.info/sct","code":"315619001","display":"Myocardial Infarction"}],"text":"Heart Attack"},"onsetAge":{"value":74,"units":"a","system":"http://unitsofmeasure.org"},"note":"Was fishing at the time. At least he went doing someting he loved."}]}]}