<?xml version="1.0" encoding="UTF-8"?>

<ValueSet xmlns="http://hl7.org/fhir">
  <text>
    <status value="generated"/>
    <div xmlns="http://www.w3.org/1999/xhtml">
      <h2>LocationStatus</h2>
      <p>Indicates whether the location is still in use</p>
      <p>This value set defines its own terms in the system http://hl7.org/fhir/location-status</p>
      <table>
        <tr>
          <td>
            <b>Code</b>
          </td>
          <td>
            <b>Display</b>
          </td>
          <td>
            <b>Definition</b>
          </td>
        </tr>
        <tr>
          <td>active
            <a name="active"> </a>
          </td>
          <td/>
          <td>The location is operational.</td>
        </tr>
        <tr>
          <td>suspended
            <a name="suspended"> </a>
          </td>
          <td/>
          <td>The location is temporarily closed.</td>
        </tr>
        <tr>
          <td>inactive
            <a name="inactive"> </a>
          </td>
          <td/>
          <td>The location is no longer used.</td>
        </tr>
      </table>
    </div>
  </text>
  <identifier value="http://hl7.org/fhir/vs/location-status"/>
  <name value="LocationStatus"/>
  <publisher value="HL7 (FHIR Project)"/>
  <telecom>
    <system value="url"/>
    <value value="http://hl7.org/fhir"/>
  </telecom>
  <telecom>
    <system value="email"/>
    <value value="fhir@lists.hl7.org"/>
  </telecom>
  <description value="Indicates whether the location is still in use"/>
  <status value="draft"/>
  <date value="2014-07-02T16:22:59.896+08:00"/>
  <define>
    <system value="http://hl7.org/fhir/location-status"/>
    <caseSensitive value="true"/>
    <concept>
      <code value="active"/>
      <definition value="The location is operational."/>
    </concept>
    <concept>
      <code value="suspended"/>
      <definition value="The location is temporarily closed."/>
    </concept>
    <concept>
      <code value="inactive"/>
      <definition value="The location is no longer used."/>
    </concept>
  </define>
</ValueSet>