<?xml version="1.0" encoding="UTF-8"?>

<ValueSet xmlns="http://hl7.org/fhir">
  <text>
    <status value="generated"/>
    <div xmlns="http://www.w3.org/1999/xhtml">
      <h2>MaxOccurs</h2>
      <p>Flags an element as having unlimited repetitions</p>
      <p>This value set defines its own terms in the system http://hl7.org/fhir/max-occurs</p>
      <table>
        <tr>
          <td>
            <b>Code</b>
          </td>
          <td>
            <b>Display</b>
          </td>
          <td>
            <b>Definition</b>
          </td>
        </tr>
        <tr>
          <td>*
            <a name=".42"> </a>
          </td>
          <td/>
          <td>Element can repeat an unlimited number of times.</td>
        </tr>
      </table>
    </div>
  </text>
  <identifier value="http://hl7.org/fhir/vs/max-occurs"/>
  <name value="MaxOccurs"/>
  <publisher value="HL7 (FHIR Project)"/>
  <telecom>
    <system value="url"/>
    <value value="http://hl7.org/fhir"/>
  </telecom>
  <telecom>
    <system value="email"/>
    <value value="fhir@lists.hl7.org"/>
  </telecom>
  <description value="Flags an element as having unlimited repetitions"/>
  <status value="draft"/>
  <date value="2014-07-02T16:22:59.906+08:00"/>
  <define>
    <system value="http://hl7.org/fhir/max-occurs"/>
    <caseSensitive value="true"/>
    <concept>
      <code value="*"/>
      <definition value="Element can repeat an unlimited number of times."/>
    </concept>
  </define>
</ValueSet>