{
  "resourceType": "ValueSet",
  "text": {
    "status": "generated",
    "div": "<div><h2>MediaType</h2><p>Whether the Media is a photo, video, or audio</p><p>This value set defines its own terms in the system http://hl7.org/fhir/media-type</p><table><tr><td><b>Code</b></td><td><b>Display</b></td><td><b>Definition</b></td></tr><tr><td>photo<a name=\"photo\"> </a></td><td/><td>The media consists of one or more unmoving images, including photographs, computer-generated graphs and charts, and scanned documents.</td></tr><tr><td>video<a name=\"video\"> </a></td><td/><td>The media consists of a series of frames that capture a moving image.</td></tr><tr><td>audio<a name=\"audio\"> </a></td><td/><td>The media consists of a sound recording.</td></tr></table></div>"
  },
  "identifier": "http://hl7.org/fhir/vs/media-type",
  "name": "MediaType",
  "publisher": "HL7 (FHIR Project)",
  "telecom": [
    {
      "system": "url",
      "value": "http://hl7.org/fhir"
    },
    {
      "system": "email",
      "value": "fhir@lists.hl7.org"
    }
  ],
  "description": "Whether the Media is a photo, video, or audio",
  "status": "draft",
  "date": "2014-07-02T16:22:59.901+08:00",
  "define": {
    "system": "http://hl7.org/fhir/media-type",
    "caseSensitive": true,
    "concept": [
      {
        "code": "photo",
        "definition": "The media consists of one or more unmoving images, including photographs, computer-generated graphs and charts, and scanned documents."
      },
      {
        "code": "video",
        "definition": "The media consists of a series of frames that capture a moving image."
      },
      {
        "code": "audio",
        "definition": "The media consists of a sound recording."
      }
    ]
  }
}