<?xml version="1.0" encoding="UTF-8"?>

<ValueSet xmlns="http://hl7.org/fhir">
  <text>
    <status value="generated"/>
    <div xmlns="http://www.w3.org/1999/xhtml">
      <h2>ConformanceEventMode</h2>
      <p>The mode of a message conformance statement</p>
      <p>This value set defines its own terms in the system http://hl7.org/fhir/message-conformance-event-mode</p>
      <table>
        <tr>
          <td>
            <b>Code</b>
          </td>
          <td>
            <b>Display</b>
          </td>
          <td>
            <b>Definition</b>
          </td>
        </tr>
        <tr>
          <td>sender
            <a name="sender"> </a>
          </td>
          <td/>
          <td>The application sends requests and receives responses.</td>
        </tr>
        <tr>
          <td>receiver
            <a name="receiver"> </a>
          </td>
          <td/>
          <td>The application receives requests and sends responses.</td>
        </tr>
      </table>
    </div>
  </text>
  <identifier value="http://hl7.org/fhir/vs/message-conformance-event-mode"/>
  <name value="ConformanceEventMode"/>
  <publisher value="HL7 (FHIR Project)"/>
  <telecom>
    <system value="url"/>
    <value value="http://hl7.org/fhir"/>
  </telecom>
  <telecom>
    <system value="email"/>
    <value value="fhir@lists.hl7.org"/>
  </telecom>
  <description value="The mode of a message conformance statement"/>
  <status value="draft"/>
  <date value="2014-07-02T16:22:59.894+08:00"/>
  <define>
    <system value="http://hl7.org/fhir/message-conformance-event-mode"/>
    <caseSensitive value="true"/>
    <concept>
      <code value="sender"/>
      <definition value="The application sends requests and receives responses."/>
    </concept>
    <concept>
      <code value="receiver"/>
      <definition value="The application receives requests and sends responses."/>
    </concept>
  </define>
</ValueSet>