<?xml version="1.0" encoding="UTF-8"?>

<Observation xmlns="http://hl7.org/fhir">
  <text>
    <status value="generated"/>
    <div xmlns="http://www.w3.org/1999/xhtml">
      <p>
        <b>Generated Narrative with Details</b>
      </p>
      <p>
        <b>name</b>: Estimated glomerular filtration rate 
        <span style="background: LightGoldenRodYellow ">(Details : {SNOMED CT code &#39;409402009&#39; = &#39;409402009&#39;, given as &#39;Estimated glomerular filtration rate&#39;})</span>
      </p>
      <p>
        <b>value</b>: 54 mL/min/1.73m2
        <span style="background: LightGoldenRodYellow "> (Details: SNOMED CT code 258972003 = &#39;258972003&#39;)</span>
      </p>
      <p>
        <b>interpretation</b>: low 
        <span style="background: LightGoldenRodYellow ">(Details : {http://hl7.org/fhir/v2/0078 code &#39;L&#39; = &#39;Below low normal&#39;, given as &#39;low&#39;})</span>
      </p>
      <p>
        <b>issued</b>: 4-Apr 2013 14:34
      </p>
      <p>
        <b>status</b>: final_
      </p>
      <p>
        <b>reliability</b>: ok
      </p>
      <p>
        <b>method</b>: Measurement 
        <span style="background: LightGoldenRodYellow ">(Details : {SNOMED CT code &#39;129266000&#39; = &#39;129266000&#39;, given as &#39;Measurement&#39;})</span>
      </p>
      <p>
        <b>identifier</b>: eGFR value of Roel on April 2013 - 03720 = 1304-03720-eGFR
      </p>
      <p>
        <b>subject</b>: 
        <a href="patient-example-f201-roel.html">Roel. Generated Summary: BSN = 123456789 (official), BSN = 123456789 (official); Roel(official); 
          <span title="Codes: {http://snomed.info/sct 248153007}, {http://hl7.org/fhir/v3/AdministrativeGender M}">Male</span>; birthDate: 13-Mar 1960; 
          <span title="Codes: {http://snomed.info/sct 36629006}, {http://hl7.org/fhir/v3/MaritalStatus M}">Legally married</span>; 
          <span title="Codes: {urn:std:iso:639-1 nl-NL}">Dutch</span>; active
        </a>
      </p>
      <p>
        <b>performer</b>: 
        <a href="practitioner-example-f202-lm.html">Luigi Maas. Generated Summary: UZI-nummer = 12345678902 (official), BIG-nummer = 12345678902 (official); Luigi Maas(official); 
          <span title="Codes: {http://snomed.info/sct 248153007}">Male</span>; birthDate: 12-Jun 1960; 
          <span title="Codes: {http://snomed.info/sct 33526004}">Electronic laboratory reporting</span>; 
          <span title="Codes: {http://snomed.info/sct 159285000}">Medical laboratory technician</span>
        </a>
      </p>
      <h3>ReferenceRanges</h3>
      <table class="grid">
        <tr>
          <td>
            <b>Low</b>
          </td>
          <td>
            <b>High</b>
          </td>
          <td>
            <b>Meaning</b>
          </td>
          <td>
            <b>Age</b>
          </td>
          <td>
            <b>Text</b>
          </td>
        </tr>
        <tr>
          <td>60 mL/min/1.73m2
            <span style="background: LightGoldenRodYellow "> (Details: SNOMED CT code 258972003 = &#39;258972003&#39;)</span>
          </td>
          <td> </td>
          <td> </td>
          <td> </td>
        </tr>
      </table>
      <p>
        <b style="color: maroon">Exception generating Narrative: null</b>
      </p>
    </div>
  </text>
  <name>
    <coding>
      <system value="http://snomed.info/id"/>
      <code value="409402009"/>
      <display value="Estimated glomerular filtration rate"/>
    </coding>
  </name>
  <valueQuantity>
    <value value="54"/>
    <units value="mL/min/1.73m2"/>
    <system value="http://snomed.info/id"/>
    <code value="258972003"/>
  </valueQuantity>
  <interpretation>
    <coding>
      <system value="http://hl7.org/fhir/v2/0078"/>
      <code value="L"/>
      <display value="low"/>
    </coding>
  </interpretation>
  <issued value="2013-04-04T14:34:00+01:00"/>
  <status value="final"/>
  <reliability value="ok"/>
  <method>
    <coding>
      <system value="http://snomed.info/id"/>
      <code value="129266000"/>
      <display value="Measurement"/>
    </coding>
  </method>
  <identifier>
    <label value="eGFR value of Roel on April 2013 - 03720"/>
    <system value="https://intranet.aumc.nl/labvalues"/>
    <value value="1304-03720-eGFR"/>
  </identifier>
  <subject>
    <reference value="Patient/f201"/>
    <display value="Roel"/>
  </subject>
  <performer>
    <reference value="Practitioner/f202"/>
    <display value="Luigi Maas"/>
  </performer>
  <referenceRange>
    <low>
      <value value="60"/>
      <units value="mL/min/1.73m2"/>
      <system value="http://snomed.info/id"/>
      <code value="258972003"/>
    </low>
  </referenceRange>
</Observation>