<?xml version="1.0" encoding="UTF-8"?>

<Observation xmlns="http://hl7.org/fhir">
  <text>
    <status value="generated"/>
    <div xmlns="http://www.w3.org/1999/xhtml">
      <p>
        <b>Generated Narrative with Details</b>
      </p>
      <p>
        <b>name</b>: Carbon dioxide in blood 
        <span style="background: LightGoldenRodYellow ">(Details : {LOINC code &#39;11557-6&#39; = &#39;Carbon dioxide [Partial pressure] in Blood&#39;, given as &#39;Carbon dioxide in blood&#39;})</span>
      </p>
      <p>
        <b>value</b>: 6.2 kPa
        <span style="background: LightGoldenRodYellow "> (Details: http://unitsofmeasure.org code kPa = &#39;kPa&#39;)</span>
      </p>
      <p>
        <b>interpretation</b>: abnormal 
        <span style="background: LightGoldenRodYellow ">(Details : {http://hl7.org/fhir/v2/0078 code &#39;A&#39; = &#39;Abnormal (applies to non-numeric results)&#39;, given as &#39;abnormal&#39;})</span>
      </p>
      <p>
        <b>applies</b>: 2-Apr 2013 10:30 --&gt; 5-Apr 2013 10:30
      </p>
      <p>
        <b>issued</b>: 3-Apr 2013 15:30
      </p>
      <p>
        <b>status</b>: final_
      </p>
      <p>
        <b>reliability</b>: ok
      </p>
      <p>
        <b>bodySite</b>: Superficial forearm vein 
        <span style="background: LightGoldenRodYellow ">(Details : {SNOMED CT code &#39;308046002&#39; = &#39;308046002&#39;, given as &#39;Superficial forearm vein&#39;})</span>
      </p>
      <p>
        <b>method</b>: Injection to forearm 
        <span style="background: LightGoldenRodYellow ">(Details : {SNOMED CT code &#39;120220003&#39; = &#39;120220003&#39;, given as &#39;Injection to forearm&#39;})</span>
      </p>
      <p>
        <b>identifier</b>: 6325 (official)
      </p>
      <p>
        <b>subject</b>: 
        <a href="patient-example-f001-pieter.html">P. van de Heuvel. Generated Summary: 738472983 (usual), ?? (usual); Pieter van de Heuvel ; 
          <span title="Codes: {http://hl7.org/fhir/v3/AdministrativeGender M}">Male</span>; birthDate: 17-Nov 1944; 
          <span title="Codes: {http://hl7.org/fhir/v3/MaritalStatus M}">Getrouwd</span>; multipleBirth; 
          <span title="Codes: {urn:ietf:bcp:47 nl}">Nederlands</span>; active
        </a>
      </p>
      <p>
        <b>performer</b>: 
        <a href="practitioner-example-f005-al.html">A. Langeveld. Generated Summary: 118265112 (official), 191REW8WE916 (usual); Langeveld Anne (official); 
          <span title="Codes: {urn:oid:2.16.840.1.113883.4.642.1.24 F}">Female</span>; birthDate: 11-Mar 1959; 
          <span title="Codes: {urn:oid:2.16.840.1.113883.2.4.15.111 01.000}">Care role</span>; 
          <span title="Codes: {urn:oid:2.16.840.1.113883.2.4.15.111 01.018}">specialisation</span>; 
          <span title="Codes: {urn:oid:2.16.840.1.113883.6.121 fr}">France</span>
        </a>
      </p>
      <h3>ReferenceRanges</h3>
      <table class="grid">
        <tr>
          <td>
            <b>Low</b>
          </td>
          <td>
            <b>High</b>
          </td>
          <td>
            <b>Meaning</b>
          </td>
          <td>
            <b>Age</b>
          </td>
          <td>
            <b>Text</b>
          </td>
        </tr>
        <tr>
          <td>4.8 kPa
            <span style="background: LightGoldenRodYellow "> (Details: http://unitsofmeasure.org code kPa = &#39;kPa&#39;)</span>
          </td>
          <td>6.0 kPa
            <span style="background: LightGoldenRodYellow "> (Details: http://unitsofmeasure.org code kPa = &#39;kPa&#39;)</span>
          </td>
          <td> </td>
          <td> </td>
        </tr>
      </table>
      <p>
        <b style="color: maroon">Exception generating Narrative: null</b>
      </p>
    </div>
  </text>
  <name>
    <coding>
      <system value="http://loinc.org"/>
      <code value="11557-6"/>
      <display value="Carbon dioxide in blood"/>
    </coding>
  </name>
  <valueQuantity>
    <value value="6.2"/>
    <units value="kPa"/>
    <system value="http://unitsofmeasure.org"/>
    <code value="kPa"/>
  </valueQuantity>
  <interpretation>
    <coding>
      <system value="http://hl7.org/fhir/v2/0078"/>
      <code value="A"/>
      <display value="abnormal"/>
    </coding>
  </interpretation>
  <appliesPeriod>
    <start value="2013-04-02T10:30:10+01:00"/>
    <end value="2013-04-05T10:30:10+01:00"/>
  </appliesPeriod>
  <issued value="2013-04-03T15:30:10+01:00"/>
  <status value="final"/>
  <reliability value="ok"/>
  <bodySite>
    <coding>
      <system value="http://snomed.info/id"/>
      <code value="308046002"/>
      <display value="Superficial forearm vein"/>
    </coding>
  </bodySite>
  <method>
    <coding>
      <system value="http://snomed.info/id"/>
      <code value="120220003"/>
      <display value="Injection to forearm"/>
    </coding>
  </method>
  <identifier>
    <use value="official"/>
    <system value="http://www.bmc.nl/zorgportal/identifiers/observations"/>
    <value value="6325"/>
  </identifier>
  <subject>
    <reference value="Patient/f001"/>
    <display value="P. van de Heuvel"/>
  </subject>
  <performer>
    <reference value="Practitioner/f005"/>
    <display value="A. Langeveld"/>
  </performer>
  <referenceRange>
    <low>
      <value value="4.8"/>
      <units value="kPa"/>
      <system value="http://unitsofmeasure.org"/>
      <code value="kPa"/>
    </low>
    <high>
      <value value="6.0"/>
      <units value="kPa"/>
      <system value="http://unitsofmeasure.org"/>
      <code value="kPa"/>
    </high>
  </referenceRange>
</Observation>