<?xml version="1.0" encoding="UTF-8"?>

<Observation xmlns="http://hl7.org/fhir">
  <text>
    <status value="generated"/>
    <div xmlns="http://www.w3.org/1999/xhtml">
      <p>
        <b>Generated Narrative with Details</b>
      </p>
      <p>
        <b>name</b>: BMI 
        <span style="background: LightGoldenRodYellow ">(Details : {SNOMED CT code &#39;60621009&#39; = &#39;Quetelet index&#39;, given as &#39;Body mass index&#39;}; {LOINC code &#39;39156-5&#39; = &#39;Body mass index (BMI) [Ratio]&#39;, given as &#39;Body mass index (BMI) [Ratio]&#39;})</span>
      </p>
      <p>
        <b>value</b>: 31.31
      </p>
      <p>
        <b>interpretation</b>: High 
        <span style="background: LightGoldenRodYellow ">(Details : {SNOMED CT code &#39;75540009&#39; = &#39;High&#39;, given as &#39;High&#39;}; {http://hl7.org/fhir/v2/0078 code &#39;H&#39; = &#39;Above high normal&#39;, given as &#39;null&#39;})</span>
      </p>
      <p>
        <b>issued</b>: 4-Apr 2013 13:27
      </p>
      <p>
        <b>status</b>: final_
      </p>
      <p>
        <b>reliability</b>: ok
      </p>
      <p>
        <b>bodySite</b>: Entire body as a whole 
        <span style="background: LightGoldenRodYellow ">(Details : {SNOMED CT code &#39;38266002&#39; = &#39;Total body&#39;, given as &#39;Entire body as a whole&#39;})</span>
      </p>
      <p>
        <b>method</b>: Measurement - action 
        <span style="background: LightGoldenRodYellow ">(Details : {SNOMED CT code &#39;122869004&#39; = &#39;Measurement&#39;, given as &#39;Measurement - action&#39;})</span>
      </p>
      <p>
        <b>subject</b>: 
        <a href="patient-example-f201-roel.html">Roel. Generated Summary: BSN = 123456789 (official), BSN = 123456789 (official); Roel(official); 
          <span title="Codes: {http://snomed.info/sct 248153007}, {http://hl7.org/fhir/v3/AdministrativeGender M}">Male</span>; birthDate: 13-Mar 1960; 
          <span title="Codes: {http://snomed.info/sct 36629006}, {http://hl7.org/fhir/v3/MaritalStatus M}">Legally married</span>; 
          <span title="Codes: {urn:std:iso:639-1 nl-NL}">Dutch</span>; active
        </a>
      </p>
      <p>
        <b>performer</b>: 
        <a href="practitioner-example-f201-ab.html">Generated Summary: UZI-nummer = 12345678901 (official); Dokter Bronsig(official); 
          <span title="Codes: {http://snomed.info/sct 248153007}">Male</span>; birthDate: 24-Dec 1956; 
          <span title="Codes: {http://snomed.info/sct 225304007}">Implementation of planned interventions</span>; 
          <span title="Codes: {http://snomed.info/sct 310512001}">Medical oncologist</span>
        </a>
      </p>
      <h3>ReferenceRanges</h3>
      <table class="grid">
        <tr>
          <td>
            <b>Low</b>
          </td>
          <td>
            <b>High</b>
          </td>
          <td>
            <b>Meaning</b>
          </td>
          <td>
            <b>Age</b>
          </td>
          <td>
            <b>Text</b>
          </td>
        </tr>
        <tr>
          <td> </td>
          <td>20</td>
          <td>Low BMI 
            <span style="background: LightGoldenRodYellow ">(Details : {SNOMED CT code &#39;310252000&#39; = &#39;BMI less than 20&#39;, given as &#39;Low BMI&#39;})</span>
          </td>
          <td> </td>
        </tr>
      </table>
      <p>
        <b style="color: maroon">Exception generating Narrative: null</b>
      </p>
    </div>
  </text>
  <contained>
    <Observation id="length">
      <name>
        <coding>
          <system value="http://snomed.info/sct"/>
          <code value="410667008"/>
          <display value="Length"/>
        </coding>
      </name>
      <valueQuantity>
        <value value="182"/>
        <units value="centimeter"/>
        <system value="http://snomed.info/sct"/>
        <code value="258672001"/>
      </valueQuantity>
      <status value="final"/>
      <reliability value="ok"/>
    </Observation>
  </contained>
  <contained>
    <Observation id="weight">
      <name>
        <coding>
          <system value="http://snomed.info/sct"/>
          <code value="60621009"/>
          <display value="Weight"/>
        </coding>
      </name>
      <valueQuantity>
        <value value="103.7"/>
        <units value="kilogram"/>
        <system value="http://snomed.info/sct"/>
        <code value="258683005"/>
      </valueQuantity>
      <status value="final"/>
      <reliability value="ok"/>
    </Observation>
  </contained>
  <name>
    <coding>
      <system value="http://snomed.info/sct"/>
      <code value="60621009"/>
      <display value="Body mass index"/>
    </coding>
    <coding>
      <system value="http://loinc.org"/>
      <code value="39156-5"/>
      <display value="Body mass index (BMI) [Ratio]"/>
    </coding>
    <text value="BMI"/>
  </name>
  <valueQuantity>
    <value value="31.31"/>
  </valueQuantity>
  <interpretation>
    <coding>
      <system value="http://snomed.info/sct"/>
      <code value="75540009"/>
      <display value="High"/>
    </coding>
    <coding>
      <system value="http://hl7.org/fhir/v2/0078"/>
      <code value="H"/>
    </coding>
  </interpretation>
  <issued value="2013-04-04T13:27:00+01:00"/>
  <status value="final"/>
  <reliability value="ok"/>
  <bodySite>
    <coding>
      <system value="http://snomed.info/sct"/>
      <code value="38266002"/>
      <display value="Entire body as a whole"/>
    </coding>
  </bodySite>
  <method>
    <coding>
      <system value="http://snomed.info/sct"/>
      <code value="122869004"/>
      <display value="Measurement - action"/>
    </coding>
  </method>
  <subject>
    <reference value="Patient/f201"/>
    <display value="Roel"/>
  </subject>
  <performer>
    <reference value="Practitioner/f201"/>
  </performer>
  <referenceRange>
    <high>
      <value value="20"/>
    </high>
    <meaning>
      <coding>
        <system value="http://snomed.info/sct"/>
        <code value="310252000"/>
        <display value="Low BMI"/>
      </coding>
    </meaning>
  </referenceRange>
  <referenceRange>
    <low>
      <value value="20"/>
    </low>
    <high>
      <value value="25"/>
    </high>
    <meaning>
      <coding>
        <system value="http://snomed.info/sct"/>
        <code value="412768003"/>
        <display value="Normal BMI"/>
      </coding>
    </meaning>
  </referenceRange>
  <referenceRange>
    <low>
      <value value="25"/>
    </low>
    <high>
      <value value="30"/>
    </high>
    <meaning>
      <coding>
        <system value="http://snomed.info/sct"/>
        <code value="162863004"/>
        <display value="Overweight"/>
      </coding>
    </meaning>
  </referenceRange>
  <referenceRange>
    <low>
      <value value="30"/>
    </low>
    <high>
      <value value="40"/>
    </high>
    <meaning>
      <coding>
        <system value="http://snomed.info/sct"/>
        <code value="162864005"/>
        <display value="Obesity"/>
      </coding>
    </meaning>
  </referenceRange>
  <referenceRange>
    <low>
      <value value="40"/>
    </low>
    <meaning>
      <coding>
        <system value="http://snomed.info/sct"/>
        <code value="162864005"/>
        <display value="Severe obesity"/>
      </coding>
    </meaning>
  </referenceRange>
  <related>
    <type value="derived-from"/>
    <target>
      <reference value="#length"/>
    </target>
  </related>
  <related>
    <type value="derived-from"/>
    <target>
      <reference value="#weight"/>
    </target>
  </related>
</Observation>