<?xml version="1.0" encoding="UTF-8"?>

<Profile xmlns="http://hl7.org/fhir">
  <text>
    <status value="generated"/><div xmlns="http://www.w3.org/1999/xhtml">to do</div>
  </text>
  <url value="http://hl7.org/fhir/Profile/provenance-extensions-spreadsheet"/>
  <name value="Provenance HL7 Extensions"/>
  <publisher value="HL7"/>
  <description value="Defines common extensions used with or related to the Provenance resource"/>
  <status value="draft"/>
  <date value="2014-07-02T16:21:45.837+08:00"/>
  <extensionDefn>
    <code value="provenance"/>
    <display value="Most recent change"/>
    <contextType value="resource"/>
    <context value="*"/>
    <element>
      <path value="provenance"/>
      <definition>
        <short value="Most recent change"/>
        <formal value="Provides the provenance record associated with the most recent update of the resource."/>
        <min value="0"/>
        <max value="1"/>
        <type>
          <code value="Resource(Provenance)"/>
        </type>
        <mustSupport value="false"/>
        <isModifier value="false"/>
      </definition>
    </element>
  </extensionDefn>
</Profile>