<?xml version="1.0" encoding="UTF-8"?>

<Profile xmlns="http://hl7.org/fhir">
  <text>
    <status value="generated"/><div xmlns="http://www.w3.org/1999/xhtml">to do</div>
  </text>
  <url value="http://hl7.org/fhir/Profile/questionnaire-sdc"/>
  <name value="Structured Data Capture Questionnaire Design"/>
  <publisher value="U.S. Office of the National Coordinator (ONC)"/>
  <telecom>
    <system value="url"/>
    <value value="http://wiki.siframework.org/Structured+Data+Capture+Initiative"/>
  </telecom>
  <description value="Defines how form is used to reflect form definitions to be used within the ONC&#39;s Structured Data Capture standard."/>
  <status value="draft"/>
  <date value="2014-04-21"/>
  <structure>
    <type value="Questionnaire"/>
    <base value="http://hl7.org/fhir/Profile/Questionnaire"/>
    <name value="StructuredDataCaptureForm"/>
    <publish value="true"/>
    <snapshot>
      <element>
        <path value="Questionnaire"/>
        <definition>
          <short value="A structured set of questions"/>
          <formal value="A structured set of questions intended to guide the collection of answers. The questions are ordered and grouped into coherent subsets, corresponding to the structure of the grouping of the underlying questions."/>
          <min value="1"/>
          <max value="1"/>
          <type>
            <code value="Resource"/>
          </type>
          <constraint>
            <key value="2"/>
            <name value="UniqueLinkIds"/>
            <severity value="error"/>
            <human value="The link ids for groups and questions must be unique within the questionnaire"/>
            <xpath value="count(descendant::f:linkId/@value)=count(distinct-values(descendant::f:linkId/@value))"/>
          </constraint>
          <isModifier value="false"/>
          <mapping>
            <identity value="rim"/>
            <map value="Observation[moodCode=DEF]"/>
          </mapping>
        </definition>
      </element>
      <element>
        <path value="Questionnaire.extension"/>
        <slicing>
          <discriminator value="url"/>
          <rules value="open"/>
        </slicing>
        <definition>
          <short value="Additional Content defined by implementations"/>
          <formal value="May be used to represent additional information that is not part of the basic definition of the resource. In order to make the use of extensions safe and manageable, there is a strict governance applied to the definition and use of extensions. Though any implementer is allowed to define an extension, there is a set of requirements that SHALL be met as part of the definition of the extension."/>
          <comments value="there can be no stigma associated with the use of extensions by any application, project, or standard - regardless of the institution or jurisdiction that uses or defines the extensions.  The use of extensions is what allows the FHIR specification to retain a core simplicity for everyone."/>
          <synonym value="extensions"/>
          <synonym value="user content"/>
          <min value="0"/>
          <max value="*"/>
          <type>
            <code value="Extension"/>
          </type>
        </definition>
      </element>
      <element>
        <path value="Questionnaire.extension"/>
        <definition>
          <short value="Additional Content defined by implementations"/>
          <formal value="May be used to represent additional information that is not part of the basic definition of the resource. In order to make the use of extensions safe and manageable, there is a strict governance applied to the definition and use of extensions. Though any implementer is allowed to define an extension, there is a set of requirements that SHALL be met as part of the definition of the extension."/>
          <comments value="there can be no stigma associated with the use of extensions by any application, project, or standard - regardless of the institution or jurisdiction that uses or defines the extensions.  The use of extensions is what allows the FHIR specification to retain a core simplicity for everyone."/>
          <synonym value="extensions"/>
          <synonym value="user content"/>
          <min value="0"/>
          <max value="*"/>
          <type>
            <code value="ResourceReference"/>
            <profile value="#endpoint"/>
          </type>
        </definition>
      </element>
      <element>
        <path value="Questionnaire.modifierExtension"/>
        <definition>
          <short value="Extensions that cannot be ignored"/>
          <formal value="May be used to represent additional information that is not part of the basic definition of the resource, and that modifies the understanding of the element that contains it. Usually modifier elements provide negation or qualification. In order to make the use of extensions safe and manageable, there is a strict governance applied to the definition and use of extensions. Though any implementer is allowed to define an extension, there is a set of requirements that SHALL be met as part of the definition of the extension. Applications processing a resource are required to check for modifier extensions."/>
          <comments value="there can be no stigma associated with the use of extensions by any application, project, or standard - regardless of the institution or jurisdiction that uses or defines the extensions.  The use of extensions is what allows the FHIR specification to retain a core simplicity for everyone."/>
          <synonym value="extensions"/>
          <synonym value="user content"/>
          <min value="0"/>
          <max value="*"/>
          <type>
            <code value="Extension"/>
          </type>
        </definition>
      </element>
      <element>
        <path value="Questionnaire.language"/>
        <definition>
          <short value="Language of the resource content"/>
          <formal value="The base language in which the resource is written."/>
          <comments value="Language is provided to support indexing and accessibility (typically, services such as text to speech use the language tag). The html language tag in the narrative applies  to the narrative. The language tag on the resource may be used to specify the language of other presentations generated from the data in the resource

Not all the content has to be in the base language. The Resource.language should not be assumed to apply to the narrative automatically. If a language is specified, it should it also be specified on the div element in the html (see rules in HTML5 for information about the relationship between xml:lang and the html lang attribute)."/>
          <min value="0"/>
          <max value="1"/>
          <type>
            <code value="code"/>
          </type>
        </definition>
      </element>
      <element>
        <path value="Questionnaire.text"/>
        <definition>
          <short value="Text summary of the resource, for human interpretation"/>
          <formal value="A human-readable narrative that contains a summary of the resource, and may be used to represent the content of the resource to a human. The narrative need not encode all the structured data, but is required to contain sufficient detail to make it &quot;clinically safe&quot; for a human to just read the narrative. Resource definitions may define what content should be represented in the narrative to ensure clinical safety."/>
          <comments value="Contained resources do not have narrative. Resources that are not contained SHOULD have a narrative."/>
          <synonym value="narrative"/>
          <synonym value="html"/>
          <synonym value="xhtml"/>
          <synonym value="display"/>
          <min value="0"/>
          <max value="1"/>
          <type>
            <code value="Narrative"/>
          </type>
        </definition>
      </element>
      <element>
        <path value="Questionnaire.contained"/>
        <definition>
          <short value="Contained, inline Resources"/>
          <formal value="These resources do not have an independent existence apart from the resource that contains them - they cannot be identified independently, and nor can they have their own independent transaction scope."/>
          <comments value="This should never be done when the content can be identified properly, as once identification is lost, it is extremely difficult (and context dependent) to restore it again."/>
          <synonym value="inline resources"/>
          <synonym value="anonymous resources"/>
          <synonym value="contained resources"/>
          <min value="0"/>
          <max value="*"/>
          <type>
            <code value="Resource"/>
          </type>
        </definition>
      </element>
      <element>
        <path value="Questionnaire.identifier"/>
        <definition>
          <short value="External Ids for this questionnaire"/>
          <formal value="This records identifiers associated with this question set that are defined by business processed and/ or used to refer to it when a direct URL reference to the resource itself is not appropriate (e.g. in CDA documents, or in written / printed documentation)."/>
          <min value="0"/>
          <max value="*"/>
          <type>
            <code value="Identifier"/>
          </type>
          <isModifier value="false"/>
          <mapping>
            <identity value="rim"/>
            <map value=".id[use=BUS]"/>
          </mapping>
        </definition>
      </element>
      <element>
        <path value="Questionnaire.version"/>
        <definition>
          <short value="Logical id for this version of Questionnaire"/>
          <formal value="The version number assigned by the publisher for business reasons.  It may remain the same when the resource is updated."/>
          <min value="0"/>
          <max value="1"/>
          <type>
            <code value="string"/>
          </type>
          <isModifier value="false"/>
          <mapping>
            <identity value="rim"/>
            <map value=".id[use=VER]"/>
          </mapping>
        </definition>
      </element>
      <element>
        <path value="Questionnaire.status"/>
        <definition>
          <short value="draft | published | retired"/>
          <formal value="The lifecycle status of the questionnaire as a whole."/>
          <min value="1"/>
          <max value="1"/>
          <type>
            <code value="code"/>
          </type>
          <isModifier value="true"/>
          <binding>
            <name value="QuestionnaireStatus"/>
            <isExtensible value="false"/>
            <description value="Lifecycle status of the questionnaire"/>
            <referenceResource>
              <reference value="http://hl7.org/fhir/vs/questionnaire-status"/>
            </referenceResource>
          </binding>
          <mapping>
            <identity value="rim"/>
            <map value=".statusCode (also whether there&#39;s a revisionControlAct - and possibly mood to distinguish &quot;in progress&quot; from &quot;published)"/>
          </mapping>
        </definition>
      </element>
      <element>
        <path value="Questionnaire.date"/>
        <definition>
          <short value="Identifies when this version of the form was created.  Changes whenever the form is updated."/>
          <formal value="Identifies when this version of the form was created.  Changes whenever the form is updated."/>
          <min value="1"/>
          <max value="1"/>
          <type>
            <code value="date"/>
          </type>
          <isModifier value="false"/>
          <mapping>
            <identity value="rim"/>
            <map value=".participation[typeCode=AUT].time"/>
          </mapping>
        </definition>
      </element>
      <element>
        <path value="Questionnaire.publisher"/>
        <definition>
          <short value="Organization who designed the questionnaire"/>
          <formal value="Organization responsible for developing and maintaining the questionnaire."/>
          <min value="0"/>
          <max value="1"/>
          <type>
            <code value="string"/>
          </type>
          <isModifier value="false"/>
          <mapping>
            <identity value="rim"/>
            <map value=".participation[typeCode=AUT].role"/>
          </mapping>
        </definition>
      </element>
      <element>
        <path value="Questionnaire.group"/>
        <definition>
          <short value="Grouped questions"/>
          <formal value="A collection of related questions (or further groupings of questions)."/>
          <comments value="The Questionnaire itself has one &quot;root&quot; group with the actual contents of the Questionnaire.  Inquestionnaireation on this root group applies to the questionnaire as a whole."/>
          <min value="1"/>
          <max value="1"/>
          <type>
            <code value="=Group"/>
          </type>
          <constraint>
            <key value="1"/>
            <name value="GroupHaveSubOrQuestions"/>
            <severity value="error"/>
            <human value="Groups may either contain questions or groups but not both"/>
            <xpath value="not(exists(f:group) and exists(f:question))"/>
          </constraint>
          <isModifier value="false"/>
          <mapping>
            <identity value="rim"/>
            <map value=".outboundRelationship[typeCode=COMP].target[classCode=DOCSECT, moodCode=EVN]"/>
          </mapping>
        </definition>
      </element>
      <element>
        <path value="Questionnaire.group.extension"/>
        <slicing>
          <discriminator value="url"/>
          <rules value="open"/>
        </slicing>
        <definition>
          <short value="Additional Content defined by implementations"/>
          <formal value="May be used to represent additional information that is not part of the basic definition of the resource. In order to make the use of extensions safe and manageable, there is a strict governance applied to the definition and use of extensions. Though any implementer is allowed to define an extension, there is a set of requirements that SHALL be met as part of the definition of the extension."/>
          <comments value="there can be no stigma associated with the use of extensions by any application, project, or standard - regardless of the institution or jurisdiction that uses or defines the extensions.  The use of extensions is what allows the FHIR specification to retain a core simplicity for everyone."/>
          <synonym value="extensions"/>
          <synonym value="user content"/>
          <min value="0"/>
          <max value="*"/>
          <type>
            <code value="Extension"/>
          </type>
        </definition>
      </element>
      <element>
        <path value="Questionnaire.group.extension"/>
        <definition>
          <short value="Additional Content defined by implementations"/>
          <formal value="May be used to represent additional information that is not part of the basic definition of the resource. In order to make the use of extensions safe and manageable, there is a strict governance applied to the definition and use of extensions. Though any implementer is allowed to define an extension, there is a set of requirements that SHALL be met as part of the definition of the extension."/>
          <comments value="there can be no stigma associated with the use of extensions by any application, project, or standard - regardless of the institution or jurisdiction that uses or defines the extensions.  The use of extensions is what allows the FHIR specification to retain a core simplicity for everyone."/>
          <synonym value="extensions"/>
          <synonym value="user content"/>
          <min value="0"/>
          <max value="1"/>
          <type>
            <code value="ResourceReference"/>
            <profile value="http://hl7.org/fhir/Profile/questionnaire-extensions#label"/>
          </type>
        </definition>
      </element>
      <element>
        <path value="Questionnaire.group.extension"/>
        <definition>
          <short value="Additional Content defined by implementations"/>
          <formal value="May be used to represent additional information that is not part of the basic definition of the resource. In order to make the use of extensions safe and manageable, there is a strict governance applied to the definition and use of extensions. Though any implementer is allowed to define an extension, there is a set of requirements that SHALL be met as part of the definition of the extension."/>
          <comments value="there can be no stigma associated with the use of extensions by any application, project, or standard - regardless of the institution or jurisdiction that uses or defines the extensions.  The use of extensions is what allows the FHIR specification to retain a core simplicity for everyone."/>
          <synonym value="extensions"/>
          <synonym value="user content"/>
          <min value="0"/>
          <max value="*"/>
          <type>
            <code value="ResourceReference"/>
            <profile value="#additionalGroupText"/>
          </type>
        </definition>
      </element>
      <element>
        <path value="Questionnaire.group.extension"/>
        <definition>
          <short value="Additional Content defined by implementations"/>
          <formal value="May be used to represent additional information that is not part of the basic definition of the resource. In order to make the use of extensions safe and manageable, there is a strict governance applied to the definition and use of extensions. Though any implementer is allowed to define an extension, there is a set of requirements that SHALL be met as part of the definition of the extension."/>
          <comments value="there can be no stigma associated with the use of extensions by any application, project, or standard - regardless of the institution or jurisdiction that uses or defines the extensions.  The use of extensions is what allows the FHIR specification to retain a core simplicity for everyone."/>
          <synonym value="extensions"/>
          <synonym value="user content"/>
          <min value="0"/>
          <max value="*"/>
          <type>
            <code value="ResourceReference"/>
            <profile value="http://hl7.org/fhir/Profile/questionnaire-extensions#enableWhen"/>
          </type>
        </definition>
      </element>
      <element>
        <path value="Questionnaire.group.extension"/>
        <definition>
          <short value="Additional Content defined by implementations"/>
          <formal value="May be used to represent additional information that is not part of the basic definition of the resource. In order to make the use of extensions safe and manageable, there is a strict governance applied to the definition and use of extensions. Though any implementer is allowed to define an extension, there is a set of requirements that SHALL be met as part of the definition of the extension."/>
          <comments value="there can be no stigma associated with the use of extensions by any application, project, or standard - regardless of the institution or jurisdiction that uses or defines the extensions.  The use of extensions is what allows the FHIR specification to retain a core simplicity for everyone."/>
          <synonym value="extensions"/>
          <synonym value="user content"/>
          <min value="0"/>
          <max value="1"/>
          <type>
            <code value="ResourceReference"/>
            <profile value="http://hl7.org/fhir/Profile/questionnaire-extensions#hidden"/>
          </type>
        </definition>
      </element>
      <element>
        <path value="Questionnaire.group.extension"/>
        <definition>
          <short value="Additional Content defined by implementations"/>
          <formal value="May be used to represent additional information that is not part of the basic definition of the resource. In order to make the use of extensions safe and manageable, there is a strict governance applied to the definition and use of extensions. Though any implementer is allowed to define an extension, there is a set of requirements that SHALL be met as part of the definition of the extension."/>
          <comments value="there can be no stigma associated with the use of extensions by any application, project, or standard - regardless of the institution or jurisdiction that uses or defines the extensions.  The use of extensions is what allows the FHIR specification to retain a core simplicity for everyone."/>
          <synonym value="extensions"/>
          <synonym value="user content"/>
          <min value="0"/>
          <max value="1"/>
          <type>
            <code value="ResourceReference"/>
            <profile value="http://hl7.org/fhir/Profile/questionnaire-extensions#minOccurs"/>
          </type>
        </definition>
      </element>
      <element>
        <path value="Questionnaire.group.extension"/>
        <definition>
          <short value="Additional Content defined by implementations"/>
          <formal value="May be used to represent additional information that is not part of the basic definition of the resource. In order to make the use of extensions safe and manageable, there is a strict governance applied to the definition and use of extensions. Though any implementer is allowed to define an extension, there is a set of requirements that SHALL be met as part of the definition of the extension."/>
          <comments value="there can be no stigma associated with the use of extensions by any application, project, or standard - regardless of the institution or jurisdiction that uses or defines the extensions.  The use of extensions is what allows the FHIR specification to retain a core simplicity for everyone."/>
          <synonym value="extensions"/>
          <synonym value="user content"/>
          <min value="0"/>
          <max value="1"/>
          <type>
            <code value="ResourceReference"/>
            <profile value="http://hl7.org/fhir/Profile/questionnaire-extensions#maxOccurs"/>
          </type>
        </definition>
      </element>
      <element>
        <path value="Questionnaire.group.extension"/>
        <definition>
          <short value="Additional Content defined by implementations"/>
          <formal value="May be used to represent additional information that is not part of the basic definition of the resource. In order to make the use of extensions safe and manageable, there is a strict governance applied to the definition and use of extensions. Though any implementer is allowed to define an extension, there is a set of requirements that SHALL be met as part of the definition of the extension."/>
          <comments value="Are there form rendering mechanisms where it would be unreasonable to require systems to support this extension?."/>
          <synonym value="extensions"/>
          <synonym value="user content"/>
          <min value="0"/>
          <max value="1"/>
          <type>
            <code value="ResourceReference"/>
            <profile value="#specialGroup"/>
          </type>
        </definition>
      </element>
      <element>
        <path value="Questionnaire.group.modifierExtension"/>
        <definition>
          <short value="Extensions that cannot be ignored"/>
          <formal value="May be used to represent additional information that is not part of the basic definition of the resource, and that modifies the understanding of the element that contains it. Usually modifier elements provide negation or qualification. In order to make the use of extensions safe and manageable, there is a strict governance applied to the definition and use of extensions. Though any implementer is allowed to define an extension, there is a set of requirements that SHALL be met as part of the definition of the extension. Applications processing a resource are required to check for modifier extensions."/>
          <comments value="there can be no stigma associated with the use of extensions by any application, project, or standard - regardless of the institution or jurisdiction that uses or defines the extensions.  The use of extensions is what allows the FHIR specification to retain a core simplicity for everyone."/>
          <synonym value="extensions"/>
          <synonym value="user content"/>
          <min value="0"/>
          <max value="*"/>
          <type>
            <code value="Extension"/>
          </type>
        </definition>
      </element>
      <element>
        <path value="Questionnaire.group.linkId"/>
        <definition>
          <short value="To link questionnaire with questionnaire answers"/>
          <formal value="A unique identifier within the questionnaire allowing linkage to the equivalent group in a QuestionnaireAnswers resource."/>
          <comments value="May be omitted if there is no expectation to link answers back to a questionnaire."/>
          <min value="1"/>
          <max value="1"/>
          <type>
            <code value="string"/>
          </type>
          <isModifier value="false"/>
          <mapping>
            <identity value="rim"/>
            <map value=".id"/>
          </mapping>
        </definition>
      </element>
      <element>
        <path value="Questionnaire.group.title"/>
        <definition>
          <short value="Name to be displayed for group"/>
          <formal value="The human-readable name for this section of the questionnaire."/>
          <comments value="The title of the &quot;root&quot; group is the title for the questionnaire."/>
          <min value="0"/>
          <max value="1"/>
          <type>
            <code value="string"/>
          </type>
          <isModifier value="false"/>
          <mapping>
            <identity value="rim"/>
            <map value=".title"/>
          </mapping>
        </definition>
      </element>
      <element>
        <path value="Questionnaire.group.concept"/>
        <definition>
          <short value="Concept that represents this section on a questionnaire"/>
          <formal value="Identifies a how this group of questions is known in a particular terminology such as LOINC."/>
          <comments value="The code(s) for the &quot;root&quot; group apply to the questionnaire as a whole."/>
          <min value="0"/>
          <max value="*"/>
          <type>
            <code value="Coding"/>
          </type>
          <isModifier value="false"/>
          <binding>
            <name value="QuestionnaireGroupConcept"/>
            <isExtensible value="false"/>
            <description value="Codes for questionnaires and groupings of questionnaire questions"/>
          </binding>
          <mapping>
            <identity value="rim"/>
            <map value=".code"/>
          </mapping>
        </definition>
      </element>
      <element>
        <path value="Questionnaire.group.text"/>
        <definition>
          <short value="Additional text for the group"/>
          <formal value="Additional text for the group, used for display purposes."/>
          <min value="0"/>
          <max value="1"/>
          <type>
            <code value="string"/>
          </type>
          <isModifier value="false"/>
          <mapping>
            <identity value="rim"/>
            <map value=".text"/>
          </mapping>
        </definition>
      </element>
      <element>
        <path value="Questionnaire.group.required"/>
        <definition>
          <short value="Must group be included in data results?"/>
          <formal value="If true, indicates that the group must be present and have required questions within it answered.  If false, the group may be skipped when answering the questionnaire."/>
          <min value="1"/>
          <max value="1"/>
          <type>
            <code value="boolean"/>
          </type>
          <isModifier value="false"/>
          <mapping>
            <identity value="rim"/>
            <map value="Not supported - MIF/templating layer"/>
          </mapping>
        </definition>
      </element>
      <element>
        <path value="Questionnaire.group.repeats"/>
        <definition>
          <short value="Whether the group may repeat"/>
          <formal value="Whether the group may occur multiple times in the instance, containing multiple sets of answers."/>
          <comments value="When repeats is not given, false is assumed."/>
          <min value="1"/>
          <max value="1"/>
          <type>
            <code value="boolean"/>
          </type>
          <isModifier value="false"/>
          <mapping>
            <identity value="rim"/>
            <map value="Not supported - MIF/templating layer"/>
          </mapping>
        </definition>
      </element>
      <element>
        <path value="Questionnaire.group.group"/>
        <definition>
          <short value="Nested questionnaire group"/>
          <formal value="A sub-group within a group. The ordering of groups within this group is relevant."/>
          <min value="0"/>
          <max value="*"/>
          <nameReference value="Questionnaire.group"/>
          <isModifier value="false"/>
          <mapping>
            <identity value="rim"/>
            <map value=".outboundRelationship[typeCode=COMP].target[classCode=DOCSECT, moodCode=EVN]"/>
          </mapping>
        </definition>
      </element>
      <element>
        <path value="Questionnaire.group.question"/>
        <definition>
          <short value="Questions in this group"/>
          <formal value="Set of questions within this group. The order of questions within the group is relevant."/>
          <min value="0"/>
          <max value="*"/>
          <type>
            <code value="=Question"/>
          </type>
          <isModifier value="false"/>
          <mapping>
            <identity value="rim"/>
            <map value=".outboundRelationship[typeCode=COMP].target[classCode=OBS, moodCode=EVN or DEF]"/>
          </mapping>
        </definition>
      </element>
      <element>
        <path value="Questionnaire.group.question.extension"/>
        <slicing>
          <discriminator value="url"/>
          <rules value="open"/>
        </slicing>
        <definition>
          <short value="Additional Content defined by implementations"/>
          <formal value="May be used to represent additional information that is not part of the basic definition of the resource. In order to make the use of extensions safe and manageable, there is a strict governance applied to the definition and use of extensions. Though any implementer is allowed to define an extension, there is a set of requirements that SHALL be met as part of the definition of the extension."/>
          <comments value="there can be no stigma associated with the use of extensions by any application, project, or standard - regardless of the institution or jurisdiction that uses or defines the extensions.  The use of extensions is what allows the FHIR specification to retain a core simplicity for everyone."/>
          <synonym value="extensions"/>
          <synonym value="user content"/>
          <min value="0"/>
          <max value="*"/>
          <type>
            <code value="Extension"/>
          </type>
        </definition>
      </element>
      <element>
        <path value="Questionnaire.group.question.extension"/>
        <definition>
          <short value="Additional Content defined by implementations"/>
          <formal value="May be used to represent additional information that is not part of the basic definition of the resource. In order to make the use of extensions safe and manageable, there is a strict governance applied to the definition and use of extensions. Though any implementer is allowed to define an extension, there is a set of requirements that SHALL be met as part of the definition of the extension."/>
          <comments value="there can be no stigma associated with the use of extensions by any application, project, or standard - regardless of the institution or jurisdiction that uses or defines the extensions.  The use of extensions is what allows the FHIR specification to retain a core simplicity for everyone."/>
          <synonym value="extensions"/>
          <synonym value="user content"/>
          <min value="0"/>
          <max value="1"/>
          <type>
            <code value="ResourceReference"/>
            <profile value="http://hl7.org/fhir/Profile/questionnaire-extensions#minOccurs"/>
          </type>
        </definition>
      </element>
      <element>
        <path value="Questionnaire.group.question.extension"/>
        <definition>
          <short value="Additional Content defined by implementations"/>
          <formal value="May be used to represent additional information that is not part of the basic definition of the resource. In order to make the use of extensions safe and manageable, there is a strict governance applied to the definition and use of extensions. Though any implementer is allowed to define an extension, there is a set of requirements that SHALL be met as part of the definition of the extension."/>
          <comments value="there can be no stigma associated with the use of extensions by any application, project, or standard - regardless of the institution or jurisdiction that uses or defines the extensions.  The use of extensions is what allows the FHIR specification to retain a core simplicity for everyone."/>
          <synonym value="extensions"/>
          <synonym value="user content"/>
          <min value="0"/>
          <max value="1"/>
          <type>
            <code value="ResourceReference"/>
            <profile value="http://hl7.org/fhir/Profile/questionnaire-extensions#maxOccurs"/>
          </type>
        </definition>
      </element>
      <element>
        <path value="Questionnaire.group.question.extension"/>
        <definition>
          <short value="Additional Content defined by implementations"/>
          <formal value="May be used to represent additional information that is not part of the basic definition of the resource. In order to make the use of extensions safe and manageable, there is a strict governance applied to the definition and use of extensions. Though any implementer is allowed to define an extension, there is a set of requirements that SHALL be met as part of the definition of the extension."/>
          <comments value="there can be no stigma associated with the use of extensions by any application, project, or standard - regardless of the institution or jurisdiction that uses or defines the extensions.  The use of extensions is what allows the FHIR specification to retain a core simplicity for everyone."/>
          <synonym value="extensions"/>
          <synonym value="user content"/>
          <min value="0"/>
          <max value="1"/>
          <type>
            <code value="ResourceReference"/>
            <profile value="http://hl7.org/fhir/Profile/questionnaire-extensions#label"/>
          </type>
        </definition>
      </element>
      <element>
        <path value="Questionnaire.group.question.extension"/>
        <definition>
          <short value="Additional Content defined by implementations"/>
          <formal value="May be used to represent additional information that is not part of the basic definition of the resource. In order to make the use of extensions safe and manageable, there is a strict governance applied to the definition and use of extensions. Though any implementer is allowed to define an extension, there is a set of requirements that SHALL be met as part of the definition of the extension."/>
          <comments value="there can be no stigma associated with the use of extensions by any application, project, or standard - regardless of the institution or jurisdiction that uses or defines the extensions.  The use of extensions is what allows the FHIR specification to retain a core simplicity for everyone."/>
          <synonym value="extensions"/>
          <synonym value="user content"/>
          <min value="0"/>
          <max value="*"/>
          <type>
            <code value="ResourceReference"/>
            <profile value="#additionalQuestionText"/>
          </type>
        </definition>
      </element>
      <element>
        <path value="Questionnaire.group.question.extension"/>
        <definition>
          <short value="Additional Content defined by implementations"/>
          <formal value="May be used to represent additional information that is not part of the basic definition of the resource. In order to make the use of extensions safe and manageable, there is a strict governance applied to the definition and use of extensions. Though any implementer is allowed to define an extension, there is a set of requirements that SHALL be met as part of the definition of the extension."/>
          <comments value="there can be no stigma associated with the use of extensions by any application, project, or standard - regardless of the institution or jurisdiction that uses or defines the extensions.  The use of extensions is what allows the FHIR specification to retain a core simplicity for everyone."/>
          <synonym value="extensions"/>
          <synonym value="user content"/>
          <min value="0"/>
          <max value="*"/>
          <type>
            <code value="ResourceReference"/>
            <profile value="http://hl7.org/fhir/Profile/questionnaire-extensions#enableWhen"/>
          </type>
        </definition>
      </element>
      <element>
        <path value="Questionnaire.group.question.extension"/>
        <definition>
          <short value="Additional Content defined by implementations"/>
          <formal value="May be used to represent additional information that is not part of the basic definition of the resource. In order to make the use of extensions safe and manageable, there is a strict governance applied to the definition and use of extensions. Though any implementer is allowed to define an extension, there is a set of requirements that SHALL be met as part of the definition of the extension."/>
          <comments value="there can be no stigma associated with the use of extensions by any application, project, or standard - regardless of the institution or jurisdiction that uses or defines the extensions.  The use of extensions is what allows the FHIR specification to retain a core simplicity for everyone."/>
          <synonym value="extensions"/>
          <synonym value="user content"/>
          <min value="0"/>
          <max value="1"/>
          <type>
            <code value="ResourceReference"/>
            <profile value="http://hl7.org/fhir/Profile/questionnaire-extensions#hidden"/>
          </type>
        </definition>
      </element>
      <element>
        <path value="Questionnaire.group.question.extension"/>
        <definition>
          <short value="Additional Content defined by implementations"/>
          <formal value="May be used to represent additional information that is not part of the basic definition of the resource. In order to make the use of extensions safe and manageable, there is a strict governance applied to the definition and use of extensions. Though any implementer is allowed to define an extension, there is a set of requirements that SHALL be met as part of the definition of the extension."/>
          <comments value="there can be no stigma associated with the use of extensions by any application, project, or standard - regardless of the institution or jurisdiction that uses or defines the extensions.  The use of extensions is what allows the FHIR specification to retain a core simplicity for everyone."/>
          <synonym value="extensions"/>
          <synonym value="user content"/>
          <min value="0"/>
          <max value="1"/>
          <type>
            <code value="ResourceReference"/>
            <profile value="http://hl7.org/fhir/Profile/questionnaire-extensions#defaultValue"/>
          </type>
        </definition>
      </element>
      <element>
        <path value="Questionnaire.group.question.extension"/>
        <definition>
          <short value="Additional Content defined by implementations"/>
          <formal value="May be used to represent additional information that is not part of the basic definition of the resource. In order to make the use of extensions safe and manageable, there is a strict governance applied to the definition and use of extensions. Though any implementer is allowed to define an extension, there is a set of requirements that SHALL be met as part of the definition of the extension."/>
          <comments value="there can be no stigma associated with the use of extensions by any application, project, or standard - regardless of the institution or jurisdiction that uses or defines the extensions.  The use of extensions is what allows the FHIR specification to retain a core simplicity for everyone."/>
          <synonym value="extensions"/>
          <synonym value="user content"/>
          <min value="0"/>
          <max value="1"/>
          <type>
            <code value="ResourceReference"/>
            <profile value="http://hl7.org/fhir/Profile/questionnaire-extensions#defaultAsFixed"/>
          </type>
        </definition>
      </element>
      <element>
        <path value="Questionnaire.group.question.extension"/>
        <definition>
          <short value="Additional Content defined by implementations"/>
          <formal value="May be used to represent additional information that is not part of the basic definition of the resource. In order to make the use of extensions safe and manageable, there is a strict governance applied to the definition and use of extensions. Though any implementer is allowed to define an extension, there is a set of requirements that SHALL be met as part of the definition of the extension."/>
          <comments value="there can be no stigma associated with the use of extensions by any application, project, or standard - regardless of the institution or jurisdiction that uses or defines the extensions.  The use of extensions is what allows the FHIR specification to retain a core simplicity for everyone."/>
          <synonym value="extensions"/>
          <synonym value="user content"/>
          <min value="0"/>
          <max value="1"/>
          <type>
            <code value="ResourceReference"/>
            <profile value="http://hl7.org/fhir/Profile/element-extensions#minLength"/>
          </type>
        </definition>
      </element>
      <element>
        <path value="Questionnaire.group.question.extension"/>
        <definition>
          <short value="Additional Content defined by implementations"/>
          <formal value="May be used to represent additional information that is not part of the basic definition of the resource. In order to make the use of extensions safe and manageable, there is a strict governance applied to the definition and use of extensions. Though any implementer is allowed to define an extension, there is a set of requirements that SHALL be met as part of the definition of the extension."/>
          <comments value="there can be no stigma associated with the use of extensions by any application, project, or standard - regardless of the institution or jurisdiction that uses or defines the extensions.  The use of extensions is what allows the FHIR specification to retain a core simplicity for everyone."/>
          <synonym value="extensions"/>
          <synonym value="user content"/>
          <min value="0"/>
          <max value="1"/>
          <type>
            <code value="ResourceReference"/>
            <profile value="http://hl7.org/fhir/Profile/element-extensions#maxLength"/>
          </type>
        </definition>
      </element>
      <element>
        <path value="Questionnaire.group.question.extension"/>
        <definition>
          <short value="Additional Content defined by implementations"/>
          <formal value="May be used to represent additional information that is not part of the basic definition of the resource. In order to make the use of extensions safe and manageable, there is a strict governance applied to the definition and use of extensions. Though any implementer is allowed to define an extension, there is a set of requirements that SHALL be met as part of the definition of the extension."/>
          <comments value="there can be no stigma associated with the use of extensions by any application, project, or standard - regardless of the institution or jurisdiction that uses or defines the extensions.  The use of extensions is what allows the FHIR specification to retain a core simplicity for everyone."/>
          <synonym value="extensions"/>
          <synonym value="user content"/>
          <min value="0"/>
          <max value="1"/>
          <type>
            <code value="ResourceReference"/>
            <profile value="http://hl7.org/fhir/Profile/element-extensions#regex"/>
          </type>
        </definition>
      </element>
      <element>
        <path value="Questionnaire.group.question.extension"/>
        <definition>
          <short value="Additional Content defined by implementations"/>
          <formal value="May be used to represent additional information that is not part of the basic definition of the resource. In order to make the use of extensions safe and manageable, there is a strict governance applied to the definition and use of extensions. Though any implementer is allowed to define an extension, there is a set of requirements that SHALL be met as part of the definition of the extension."/>
          <comments value="there can be no stigma associated with the use of extensions by any application, project, or standard - regardless of the institution or jurisdiction that uses or defines the extensions.  The use of extensions is what allows the FHIR specification to retain a core simplicity for everyone."/>
          <synonym value="extensions"/>
          <synonym value="user content"/>
          <min value="0"/>
          <max value="1"/>
          <type>
            <code value="ResourceReference"/>
            <profile value="http://hl7.org/fhir/Profile/element-extensions#entryFormat"/>
          </type>
        </definition>
      </element>
      <element>
        <path value="Questionnaire.group.question.extension"/>
        <definition>
          <short value="Additional Content defined by implementations"/>
          <formal value="May be used to represent additional information that is not part of the basic definition of the resource. In order to make the use of extensions safe and manageable, there is a strict governance applied to the definition and use of extensions. Though any implementer is allowed to define an extension, there is a set of requirements that SHALL be met as part of the definition of the extension."/>
          <comments value="there can be no stigma associated with the use of extensions by any application, project, or standard - regardless of the institution or jurisdiction that uses or defines the extensions.  The use of extensions is what allows the FHIR specification to retain a core simplicity for everyone."/>
          <synonym value="extensions"/>
          <synonym value="user content"/>
          <min value="0"/>
          <max value="1"/>
          <type>
            <code value="ResourceReference"/>
            <profile value="http://hl7.org/fhir/Profile/element-extensions#minValue"/>
          </type>
        </definition>
      </element>
      <element>
        <path value="Questionnaire.group.question.extension"/>
        <definition>
          <short value="Additional Content defined by implementations"/>
          <formal value="May be used to represent additional information that is not part of the basic definition of the resource. In order to make the use of extensions safe and manageable, there is a strict governance applied to the definition and use of extensions. Though any implementer is allowed to define an extension, there is a set of requirements that SHALL be met as part of the definition of the extension."/>
          <comments value="there can be no stigma associated with the use of extensions by any application, project, or standard - regardless of the institution or jurisdiction that uses or defines the extensions.  The use of extensions is what allows the FHIR specification to retain a core simplicity for everyone."/>
          <synonym value="extensions"/>
          <synonym value="user content"/>
          <min value="0"/>
          <max value="1"/>
          <type>
            <code value="ResourceReference"/>
            <profile value="http://hl7.org/fhir/Profile/element-extensions#maxValue"/>
          </type>
        </definition>
      </element>
      <element>
        <path value="Questionnaire.group.question.extension"/>
        <definition>
          <short value="Additional Content defined by implementations"/>
          <formal value="May be used to represent additional information that is not part of the basic definition of the resource. In order to make the use of extensions safe and manageable, there is a strict governance applied to the definition and use of extensions. Though any implementer is allowed to define an extension, there is a set of requirements that SHALL be met as part of the definition of the extension."/>
          <comments value="there can be no stigma associated with the use of extensions by any application, project, or standard - regardless of the institution or jurisdiction that uses or defines the extensions.  The use of extensions is what allows the FHIR specification to retain a core simplicity for everyone."/>
          <synonym value="extensions"/>
          <synonym value="user content"/>
          <min value="0"/>
          <max value="1"/>
          <type>
            <code value="ResourceReference"/>
            <profile value="http://hl7.org/fhir/Profile/element-extensions#maxDecimalPlaces"/>
          </type>
        </definition>
      </element>
      <element>
        <path value="Questionnaire.group.question.extension"/>
        <definition>
          <short value="Additional Content defined by implementations"/>
          <formal value="May be used to represent additional information that is not part of the basic definition of the resource. In order to make the use of extensions safe and manageable, there is a strict governance applied to the definition and use of extensions. Though any implementer is allowed to define an extension, there is a set of requirements that SHALL be met as part of the definition of the extension."/>
          <comments value="there can be no stigma associated with the use of extensions by any application, project, or standard - regardless of the institution or jurisdiction that uses or defines the extensions.  The use of extensions is what allows the FHIR specification to retain a core simplicity for everyone."/>
          <synonym value="extensions"/>
          <synonym value="user content"/>
          <min value="0"/>
          <max value="1"/>
          <type>
            <code value="ResourceReference"/>
            <profile value="http://hl7.org/fhir/Profile/questionnaire-extensions#deReference"/>
          </type>
        </definition>
      </element>
      <element>
        <path value="Questionnaire.group.question.modifierExtension"/>
        <definition>
          <short value="Extensions that cannot be ignored"/>
          <formal value="May be used to represent additional information that is not part of the basic definition of the resource, and that modifies the understanding of the element that contains it. Usually modifier elements provide negation or qualification. In order to make the use of extensions safe and manageable, there is a strict governance applied to the definition and use of extensions. Though any implementer is allowed to define an extension, there is a set of requirements that SHALL be met as part of the definition of the extension. Applications processing a resource are required to check for modifier extensions."/>
          <comments value="there can be no stigma associated with the use of extensions by any application, project, or standard - regardless of the institution or jurisdiction that uses or defines the extensions.  The use of extensions is what allows the FHIR specification to retain a core simplicity for everyone."/>
          <synonym value="extensions"/>
          <synonym value="user content"/>
          <min value="0"/>
          <max value="*"/>
          <type>
            <code value="Extension"/>
          </type>
        </definition>
      </element>
      <element>
        <path value="Questionnaire.group.question.linkId"/>
        <definition>
          <short value="To link questionnaire with questionnaire answers"/>
          <formal value="A unique identifiers within the questionnaire allowing linkage to the equivalent group in a QuestionnaireData resource."/>
          <comments value="May be omitted if there is no expectation to link answers back to a questionnaire."/>
          <min value="1"/>
          <max value="1"/>
          <type>
            <code value="string"/>
          </type>
          <isModifier value="false"/>
          <mapping>
            <identity value="rim"/>
            <map value=".id"/>
          </mapping>
        </definition>
      </element>
      <element>
        <path value="Questionnaire.group.question.concept"/>
        <definition>
          <short value="Concept that represents this section on a questionnaire"/>
          <formal value="Identifies a how this group of questions is known in a particular terminology such as LOINC."/>
          <min value="0"/>
          <max value="*"/>
          <type>
            <code value="Coding"/>
          </type>
          <isModifier value="false"/>
          <mapping>
            <identity value="rim"/>
            <map value=".code"/>
          </mapping>
        </definition>
      </element>
      <element>
        <path value="Questionnaire.group.question.text"/>
        <definition>
          <short value="Text of the question as it is shown to the user"/>
          <formal value="Text of the question as it is shown to the user."/>
          <min value="1"/>
          <max value="1"/>
          <type>
            <code value="string"/>
          </type>
          <isModifier value="false"/>
          <mapping>
            <identity value="rim"/>
            <map value=".code.display"/>
          </mapping>
        </definition>
      </element>
      <element>
        <path value="Questionnaire.group.question.type"/>
        <definition>
          <short value="decimal | integer | boolean | date | string +"/>
          <formal value="The expected format of the answer, e.g. the type of input (string, integer) or whether a (multiple)choice is expected."/>
          <comments value="Time is handled using &quot;string&quot;.  File is handled using Attachment.  (content can be sent as a contained binary)."/>
          <min value="1"/>
          <max value="1"/>
          <type>
            <code value="code"/>
          </type>
          <isModifier value="false"/>
          <binding>
            <name value="AnswerFormat"/>
            <isExtensible value="false"/>
            <description value="The expected format of an answer"/>
            <referenceResource>
              <reference value="http://hl7.org/fhir/vs/answer-format"/>
            </referenceResource>
          </binding>
          <mapping>
            <identity value="rim"/>
            <map value="N/A - MIF rather than RIM level"/>
          </mapping>
        </definition>
      </element>
      <element>
        <path value="Questionnaire.group.question.required"/>
        <definition>
          <short value="Must group be included in data results?"/>
          <formal value="If true, indicates that the group must be present and have required questions within it answered.  If false, the group may be skipped when answering the questionnaire."/>
          <min value="0"/>
          <max value="1"/>
          <type>
            <code value="boolean"/>
          </type>
          <isModifier value="false"/>
          <mapping>
            <identity value="rim"/>
            <map value="Not supported - MIF/templating layer"/>
          </mapping>
        </definition>
      </element>
      <element>
        <path value="Questionnaire.group.question.repeats"/>
        <definition>
          <short value="Whether the group may repeat"/>
          <formal value="Whether the group may occur multiple times in the instance, containing multiple sets of answers."/>
          <comments value="When repeats is not given, false is assumed."/>
          <min value="0"/>
          <max value="1"/>
          <type>
            <code value="boolean"/>
          </type>
          <isModifier value="false"/>
          <mapping>
            <identity value="rim"/>
            <map value="Not supported - MIF/templating layer"/>
          </mapping>
        </definition>
      </element>
      <element>
        <path value="Questionnaire.group.question.options"/>
        <definition>
          <short value="Valueset containing the possible options"/>
          <formal value="Reference to a valueset containing the possible options."/>
          <min value="0"/>
          <max value="1"/>
          <type>
            <code value="ResourceReference"/>
            <profile value="http://hl7.org/fhir/Profile/ValueSet"/>
          </type>
          <isModifier value="false"/>
          <mapping>
            <identity value="rim"/>
            <map value="Not supported - MIF/templating layer to capture value set"/>
          </mapping>
        </definition>
      </element>
      <element>
        <path value="Questionnaire.group.question.group"/>
        <definition>
          <short value="Nested questionnaire group"/>
          <formal value="Nested group, containing nested question for this question. The order of groups within the question is relevant."/>
          <min value="0"/>
          <max value="*"/>
          <nameReference value="Questionnaire.group"/>
          <isModifier value="false"/>
          <mapping>
            <identity value="rim"/>
            <map value=".outboundRelationship[typeCode=COMP].target[classCode=DOCSECT, moodCode=EVN]"/>
          </mapping>
        </definition>
      </element>
    </snapshot>
    <differential>
      <element>
        <path value="Questionnaire"/>
        <name value="StructuredDataCaptureForm"/>
        <definition>
          <min value="1"/>
          <max value="1"/>
          <type>
            <code value="Resource"/>
          </type>
          <isModifier value="false"/>
        </definition>
      </element>
      <element>
        <path value="Questionnaire.extension"/>
        <slicing>
          <discriminator value="url"/>
          <rules value="open"/>
        </slicing>
      </element>
      <element>
        <path value="Questionnaire.extension"/>
        <name value="submissionEndpoint"/>
        <definition>
          <min value="0"/>
          <max value="*"/>
          <type>
            <code value="ResourceReference"/>
            <profile value="#endpoint"/>
          </type>
          <isModifier value="false"/>
        </definition>
      </element>
      <element>
        <path value="Questionnaire.identifier"/>
        <definition>
          <min value="0"/>
          <max value="*"/>
          <type>
            <code value="Identifier"/>
          </type>
          <isModifier value="false"/>
        </definition>
      </element>
      <element>
        <path value="Questionnaire.version"/>
        <definition>
          <min value="0"/>
          <max value="1"/>
          <type>
            <code value="string"/>
          </type>
          <isModifier value="false"/>
        </definition>
      </element>
      <element>
        <path value="Questionnaire.status"/>
        <definition>
          <min value="1"/>
          <max value="1"/>
          <type>
            <code value="code"/>
          </type>
          <isModifier value="true"/>
          <binding>
            <name value="QuestionnaireStatus"/>
            <isExtensible value="false"/>
            <description value="Lifecycle status of the questionnaire"/>
            <referenceResource>
              <reference value="http://hl7.org/fhir/vs/questionnaire-status"/>
            </referenceResource>
          </binding>
        </definition>
      </element>
      <element>
        <path value="Questionnaire.date"/>
        <definition>
          <short value="Identifies when this version of the form was created.  Changes whenever the form is updated."/>
          <formal value="Identifies when this version of the form was created.  Changes whenever the form is updated."/>
          <min value="1"/>
          <max value="1"/>
          <type>
            <code value="date"/>
          </type>
          <isModifier value="false"/>
        </definition>
      </element>
      <element>
        <path value="Questionnaire.publisher"/>
        <definition>
          <min value="0"/>
          <max value="1"/>
          <type>
            <code value="string"/>
          </type>
          <isModifier value="false"/>
        </definition>
      </element>
      <element>
        <path value="Questionnaire.group"/>
        <definition>
          <min value="1"/>
          <max value="1"/>
          <type>
            <code value="=Group"/>
          </type>
          <isModifier value="false"/>
        </definition>
      </element>
      <element>
        <path value="Questionnaire.group.extension"/>
        <slicing>
          <discriminator value="url"/>
          <rules value="open"/>
        </slicing>
      </element>
      <element>
        <path value="Questionnaire.group.extension"/>
        <name value="groupLabel"/>
        <definition>
          <min value="0"/>
          <max value="1"/>
          <type>
            <code value="ResourceReference"/>
            <profile value="http://hl7.org/fhir/Profile/questionnaire-extensions#label"/>
          </type>
          <isModifier value="false"/>
        </definition>
      </element>
      <element>
        <path value="Questionnaire.group.extension"/>
        <name value="additionalGroupText"/>
        <definition>
          <min value="0"/>
          <max value="*"/>
          <type>
            <code value="ResourceReference"/>
            <profile value="#additionalGroupText"/>
          </type>
          <isModifier value="false"/>
        </definition>
      </element>
      <element>
        <path value="Questionnaire.group.extension"/>
        <name value="questionEnableWhen"/>
        <definition>
          <min value="0"/>
          <max value="*"/>
          <type>
            <code value="ResourceReference"/>
            <profile value="http://hl7.org/fhir/Profile/questionnaire-extensions#enableWhen"/>
          </type>
          <isModifier value="false"/>
        </definition>
      </element>
      <element>
        <path value="Questionnaire.group.extension"/>
        <name value="hidden"/>
        <definition>
          <min value="0"/>
          <max value="1"/>
          <type>
            <code value="ResourceReference"/>
            <profile value="http://hl7.org/fhir/Profile/questionnaire-extensions#hidden"/>
          </type>
          <isModifier value="false"/>
        </definition>
      </element>
      <element>
        <path value="Questionnaire.group.extension"/>
        <name value="groupMinOccurs"/>
        <definition>
          <min value="0"/>
          <max value="1"/>
          <type>
            <code value="ResourceReference"/>
            <profile value="http://hl7.org/fhir/Profile/questionnaire-extensions#minOccurs"/>
          </type>
          <isModifier value="false"/>
        </definition>
      </element>
      <element>
        <path value="Questionnaire.group.extension"/>
        <name value="groupMaxOccurs"/>
        <definition>
          <min value="0"/>
          <max value="1"/>
          <type>
            <code value="ResourceReference"/>
            <profile value="http://hl7.org/fhir/Profile/questionnaire-extensions#maxOccurs"/>
          </type>
          <isModifier value="false"/>
        </definition>
      </element>
      <element>
        <path value="Questionnaire.group.extension"/>
        <name value="specialGroup"/>
        <definition>
          <comments value="Are there form rendering mechanisms where it would be unreasonable to require systems to support this extension?."/>
          <min value="0"/>
          <max value="1"/>
          <type>
            <code value="ResourceReference"/>
            <profile value="#specialGroup"/>
          </type>
          <isModifier value="false"/>
        </definition>
      </element>
      <element>
        <path value="Questionnaire.group.linkId"/>
        <definition>
          <min value="1"/>
          <max value="1"/>
          <type>
            <code value="string"/>
          </type>
          <isModifier value="false"/>
        </definition>
      </element>
      <element>
        <path value="Questionnaire.group.title"/>
        <definition>
          <min value="0"/>
          <max value="1"/>
          <type>
            <code value="string"/>
          </type>
          <isModifier value="false"/>
        </definition>
      </element>
      <element>
        <path value="Questionnaire.group.title.extension"/>
        <slicing>
          <discriminator value="url"/>
          <rules value="open"/>
        </slicing>
      </element>
      <element>
        <path value="Questionnaire.group.title.extension"/>
        <name value="groupTitle.renderingStyle"/>
        <definition>
          <min value="0"/>
          <max value="*"/>
          <type>
            <code value="ResourceReference"/>
            <profile value="http://hl7.org/fhir/Profile/rendering-extensions#style"/>
          </type>
          <isModifier value="false"/>
        </definition>
      </element>
      <element>
        <path value="Questionnaire.group.concept"/>
        <definition>
          <min value="0"/>
          <max value="*"/>
          <type>
            <code value="Coding"/>
          </type>
          <isModifier value="false"/>
        </definition>
      </element>
      <element>
        <path value="Questionnaire.group.text"/>
        <definition>
          <min value="0"/>
          <max value="1"/>
          <type>
            <code value="string"/>
          </type>
          <isModifier value="false"/>
        </definition>
      </element>
      <element>
        <path value="Questionnaire.group.required"/>
        <definition>
          <min value="1"/>
          <max value="1"/>
          <type>
            <code value="boolean"/>
          </type>
          <isModifier value="false"/>
        </definition>
      </element>
      <element>
        <path value="Questionnaire.group.repeats"/>
        <definition>
          <min value="1"/>
          <max value="1"/>
          <type>
            <code value="boolean"/>
          </type>
          <isModifier value="false"/>
        </definition>
      </element>
      <element>
        <path value="Questionnaire.group.group"/>
        <definition>
          <min value="0"/>
          <max value="*"/>
          <nameReference value="Questionnaire.group"/>
          <isModifier value="false"/>
        </definition>
      </element>
      <element>
        <path value="Questionnaire.group.question"/>
        <definition>
          <min value="0"/>
          <max value="*"/>
          <type>
            <code value="=Question"/>
          </type>
          <isModifier value="false"/>
        </definition>
      </element>
      <element>
        <path value="Questionnaire.group.question.extension"/>
        <slicing>
          <discriminator value="url"/>
          <rules value="open"/>
        </slicing>
      </element>
      <element>
        <path value="Questionnaire.group.question.extension"/>
        <name value="questionMinOccurs"/>
        <definition>
          <min value="0"/>
          <max value="1"/>
          <type>
            <code value="ResourceReference"/>
            <profile value="http://hl7.org/fhir/Profile/questionnaire-extensions#minOccurs"/>
          </type>
          <isModifier value="false"/>
        </definition>
      </element>
      <element>
        <path value="Questionnaire.group.question.extension"/>
        <name value="questionMaxOccurs"/>
        <definition>
          <min value="0"/>
          <max value="1"/>
          <type>
            <code value="ResourceReference"/>
            <profile value="http://hl7.org/fhir/Profile/questionnaire-extensions#maxOccurs"/>
          </type>
          <isModifier value="false"/>
        </definition>
      </element>
      <element>
        <path value="Questionnaire.group.question.extension"/>
        <name value="questionLabel"/>
        <definition>
          <min value="0"/>
          <max value="1"/>
          <type>
            <code value="ResourceReference"/>
            <profile value="http://hl7.org/fhir/Profile/questionnaire-extensions#label"/>
          </type>
          <isModifier value="false"/>
        </definition>
      </element>
      <element>
        <path value="Questionnaire.group.question.extension"/>
        <name value="additionalQuestionText"/>
        <definition>
          <min value="0"/>
          <max value="*"/>
          <type>
            <code value="ResourceReference"/>
            <profile value="#additionalQuestionText"/>
          </type>
          <isModifier value="false"/>
        </definition>
      </element>
      <element>
        <path value="Questionnaire.group.question.extension"/>
        <name value="questionEnableWhen"/>
        <definition>
          <min value="0"/>
          <max value="*"/>
          <type>
            <code value="ResourceReference"/>
            <profile value="http://hl7.org/fhir/Profile/questionnaire-extensions#enableWhen"/>
          </type>
          <isModifier value="false"/>
        </definition>
      </element>
      <element>
        <path value="Questionnaire.group.question.extension"/>
        <name value="hidden"/>
        <definition>
          <min value="0"/>
          <max value="1"/>
          <type>
            <code value="ResourceReference"/>
            <profile value="http://hl7.org/fhir/Profile/questionnaire-extensions#hidden"/>
          </type>
          <isModifier value="false"/>
        </definition>
      </element>
      <element>
        <path value="Questionnaire.group.question.extension"/>
        <name value="defaultValue"/>
        <definition>
          <min value="0"/>
          <max value="1"/>
          <type>
            <code value="ResourceReference"/>
            <profile value="http://hl7.org/fhir/Profile/questionnaire-extensions#defaultValue"/>
          </type>
          <isModifier value="false"/>
        </definition>
      </element>
      <element>
        <path value="Questionnaire.group.question.extension"/>
        <name value="defaultAsFixed"/>
        <definition>
          <min value="0"/>
          <max value="1"/>
          <type>
            <code value="ResourceReference"/>
            <profile value="http://hl7.org/fhir/Profile/questionnaire-extensions#defaultAsFixed"/>
          </type>
          <isModifier value="false"/>
        </definition>
      </element>
      <element>
        <path value="Questionnaire.group.question.extension"/>
        <name value="minLength"/>
        <definition>
          <min value="0"/>
          <max value="1"/>
          <type>
            <code value="ResourceReference"/>
            <profile value="http://hl7.org/fhir/Profile/element-extensions#minLength"/>
          </type>
          <isModifier value="false"/>
        </definition>
      </element>
      <element>
        <path value="Questionnaire.group.question.extension"/>
        <name value="maxLength"/>
        <definition>
          <min value="0"/>
          <max value="1"/>
          <type>
            <code value="ResourceReference"/>
            <profile value="http://hl7.org/fhir/Profile/element-extensions#maxLength"/>
          </type>
          <isModifier value="false"/>
        </definition>
      </element>
      <element>
        <path value="Questionnaire.group.question.extension"/>
        <name value="regex"/>
        <definition>
          <min value="0"/>
          <max value="1"/>
          <type>
            <code value="ResourceReference"/>
            <profile value="http://hl7.org/fhir/Profile/element-extensions#regex"/>
          </type>
          <isModifier value="false"/>
        </definition>
      </element>
      <element>
        <path value="Questionnaire.group.question.extension"/>
        <name value="entryFormat"/>
        <definition>
          <min value="0"/>
          <max value="1"/>
          <type>
            <code value="ResourceReference"/>
            <profile value="http://hl7.org/fhir/Profile/element-extensions#entryFormat"/>
          </type>
          <isModifier value="false"/>
        </definition>
      </element>
      <element>
        <path value="Questionnaire.group.question.extension"/>
        <name value="minValue"/>
        <definition>
          <min value="0"/>
          <max value="1"/>
          <type>
            <code value="ResourceReference"/>
            <profile value="http://hl7.org/fhir/Profile/element-extensions#minValue"/>
          </type>
          <isModifier value="false"/>
        </definition>
      </element>
      <element>
        <path value="Questionnaire.group.question.extension"/>
        <name value="maxValue"/>
        <definition>
          <min value="0"/>
          <max value="1"/>
          <type>
            <code value="ResourceReference"/>
            <profile value="http://hl7.org/fhir/Profile/element-extensions#maxValue"/>
          </type>
          <isModifier value="false"/>
        </definition>
      </element>
      <element>
        <path value="Questionnaire.group.question.extension"/>
        <name value="maxDecimalPlaces"/>
        <definition>
          <min value="0"/>
          <max value="1"/>
          <type>
            <code value="ResourceReference"/>
            <profile value="http://hl7.org/fhir/Profile/element-extensions#maxDecimalPlaces"/>
          </type>
          <isModifier value="false"/>
        </definition>
      </element>
      <element>
        <path value="Questionnaire.group.question.extension"/>
        <name value="deReference"/>
        <definition>
          <min value="0"/>
          <max value="1"/>
          <type>
            <code value="ResourceReference"/>
            <profile value="http://hl7.org/fhir/Profile/questionnaire-extensions#deReference"/>
          </type>
          <isModifier value="false"/>
        </definition>
      </element>
      <element>
        <path value="Questionnaire.group.question.extension.extension"/>
        <slicing>
          <discriminator value="url"/>
          <rules value="open"/>
        </slicing>
      </element>
      <element>
        <path value="Questionnaire.group.question.extension.extension"/>
        <name value="questionText.renderingStyle"/>
        <definition>
          <min value="0"/>
          <max value="*"/>
          <type>
            <code value="ResourceReference"/>
            <profile value="http://hl7.org/fhir/Profile/rendering-extensions#style"/>
          </type>
          <isModifier value="false"/>
        </definition>
      </element>
      <element>
        <path value="Questionnaire.group.question.linkId"/>
        <definition>
          <min value="1"/>
          <max value="1"/>
          <type>
            <code value="string"/>
          </type>
          <isModifier value="false"/>
        </definition>
      </element>
      <element>
        <path value="Questionnaire.group.question.concept"/>
        <definition>
          <min value="0"/>
          <max value="*"/>
          <type>
            <code value="Coding"/>
          </type>
          <isModifier value="false"/>
        </definition>
      </element>
      <element>
        <path value="Questionnaire.group.question.text"/>
        <definition>
          <min value="1"/>
          <max value="1"/>
          <type>
            <code value="string"/>
          </type>
          <isModifier value="false"/>
        </definition>
      </element>
      <element>
        <path value="Questionnaire.group.question.type"/>
        <definition>
          <comments value="Time is handled using &quot;string&quot;.  File is handled using Attachment.  (content can be sent as a contained binary)."/>
          <min value="1"/>
          <max value="1"/>
          <type>
            <code value="code"/>
          </type>
          <isModifier value="false"/>
        </definition>
      </element>
      <element>
        <path value="Questionnaire.group.question.required"/>
        <definition>
          <min value="0"/>
          <max value="1"/>
          <type>
            <code value="boolean"/>
          </type>
          <isModifier value="false"/>
        </definition>
      </element>
      <element>
        <path value="Questionnaire.group.question.repeats"/>
        <definition>
          <min value="0"/>
          <max value="1"/>
          <type>
            <code value="boolean"/>
          </type>
          <isModifier value="false"/>
        </definition>
      </element>
      <element>
        <path value="Questionnaire.group.question.options"/>
        <definition>
          <min value="0"/>
          <max value="1"/>
          <type>
            <code value="ResourceReference"/>
            <profile value="http://hl7.org/fhir/Profile/ValueSet"/>
          </type>
          <isModifier value="false"/>
        </definition>
      </element>
      <element>
        <path value="Questionnaire.group.question.group"/>
        <definition>
          <min value="0"/>
          <max value="*"/>
          <nameReference value="Questionnaire.group"/>
          <isModifier value="false"/>
        </definition>
      </element>
    </differential>
  </structure>
  <extensionDefn>
    <code value="securityPrivacy"/>
    <display value="Privacy &amp; security guidance"/>
    <contextType value="resource"/>
    <context value="Questionnaire"/>
    <element>
      <path value="securityPrivacy"/>
      <definition>
        <short value="Privacy &amp; security guidance"/>
        <formal value="Provides rules governing the use of this questionnaire from a privacy and/or security perspective.  E.g. &quot;confidential when completed&quot;."/>
        <comments value="Omission of this extensions doesn&#39;t indicate a lack of security or privacy considerations.  They may be reflected in the description or might be implicit in context or workflow."/>
        <min value="0"/>
        <max value="1"/>
        <type>
          <code value="string"/>
        </type>
        <mustSupport value="false"/>
        <isModifier value="false"/>
      </definition>
    </element>
  </extensionDefn>
  <extensionDefn>
    <code value="endpoint"/>
    <display value="Where to send answers"/>
    <contextType value="resource"/>
    <context value="Questionnaire"/>
    <element>
      <path value="endpoint"/>
      <definition>
        <short value="Where to send answers"/>
        <formal value="The base URL for the server to which questionnaire answers associated with this questionnaire should be submitted."/>
        <comments value="Indicates that the form has been designed with an expectation that it will be submitted to the specified URI.  If multiple endpoints are specified, expectation is that answers are submitted to all endpoints."/>
        <min value="0"/>
        <max value="*"/>
        <type>
          <code value="url"/>
        </type>
        <mustSupport value="false"/>
        <isModifier value="false"/>
      </definition>
    </element>
  </extensionDefn>
  <extensionDefn>
    <code value="specialGroup"/>
    <display value="header | footer"/>
    <contextType value="resource"/>
    <context value="Questionnaire.group"/>
    <context value="Questionnaire.group.group"/>
    <element>
      <path value="specialGroup"/>
      <definition>
        <short value="header | footer"/>
        <formal value="If specified, indicates that the group should be rendered as a repeating header or footer on each &quot;page&quot; of the questionnaire."/>
        <comments value="When omitted, sections are presumed to be &quot;regular&quot; sections."/>
        <min value="0"/>
        <max value="1"/>
        <type>
          <code value="code"/>
        </type>
        <mustSupport value="false"/>
        <isModifier value="false"/>
        <binding>
          <name value="QuestionnaireGroupSpecialType"/>
          <isExtensible value="false"/>
          <description value="If specified, indicates that the group should be rendered as a repeating header or footer on each &quot;page&quot; of the questionnaire."/>
          <referenceResource>
            <reference value="http://hl7.org/fhir/vs/special-type"/>
          </referenceResource>
        </binding>
      </definition>
    </element>
  </extensionDefn>
  <extensionDefn>
    <code value="additionalGroupText"/>
    <display value="Extra text to display for group"/>
    <contextType value="resource"/>
    <context value="Questionnaire.group"/>
    <element>
      <path value="additionalGroupText"/>
      <definition>
        <short value="Extra text to display for group"/>
        <formal value="Additional text to display at the group level along with guidance as to what sort of text it is."/>
        <min value="0"/>
        <max value="*"/>
        <mustSupport value="false"/>
        <isModifier value="false"/>
      </definition>
    </element>
    <element>
      <path value="additionalGroupText.value"/>
      <definition>
        <short value="Text for display"/>
        <formal value="The additional text to display."/>
        <min value="1"/>
        <max value="1"/>
        <type>
          <code value="string"/>
        </type>
        <mustSupport value="false"/>
        <isModifier value="false"/>
      </definition>
    </element>
    <element>
      <path value="additionalGroupText.type"/>
      <definition>
        <short value="Kind of text for display"/>
        <formal value="Categorizes the type of additional group text.  E.g. &quot;Tool tip&quot;, &quot;Help&quot;, &quot;Trailing text&quot;, etc."/>
        <comments value="The type of text may provide guidance for how/when to display the information."/>
        <min value="1"/>
        <max value="1"/>
        <type>
          <code value="CodeableConcept"/>
        </type>
        <mustSupport value="false"/>
        <isModifier value="false"/>
        <binding>
          <name value="QuestionnaireGroupTextType"/>
          <isExtensible value="false"/>
          <description value="Categorizes the type of additional group text.  E.g. &quot;Tool tip&quot;, &quot;Help&quot;, &quot;Trailing text&quot;, etc."/>
          <referenceResource>
            <reference value="http://hl7.org/fhir/vs/questionnaire-text-type"/>
          </referenceResource>
        </binding>
      </definition>
    </element>
  </extensionDefn>
  <extensionDefn>
    <code value="additionalQuestionText"/>
    <display value="Extra text to display for question"/>
    <contextType value="resource"/>
    <context value="Questionnaire.group.question"/>
    <element>
      <path value="additionalQuestionText"/>
      <definition>
        <short value="Extra text to display for question"/>
        <formal value="Additional text to display for the question along with guidance as to what sort of text it is."/>
        <min value="0"/>
        <max value="*"/>
        <mustSupport value="false"/>
        <isModifier value="false"/>
      </definition>
    </element>
    <element>
      <path value="additionalQuestionText.value"/>
      <definition>
        <short value="Text for display"/>
        <formal value="The additional text to display."/>
        <min value="1"/>
        <max value="1"/>
        <type>
          <code value="string"/>
        </type>
        <mustSupport value="false"/>
        <isModifier value="false"/>
      </definition>
    </element>
    <element>
      <path value="additionalQuestionText.type"/>
      <definition>
        <short value="Kind of text for display"/>
        <formal value="Categorizes the type of additional group text.  E.g. &quot;Tool tip&quot;, &quot;Help&quot;, &quot;Trailing text&quot;, &quot;Units&quot; etc."/>
        <comments value="The type of text may provide guidance for how/when to display the information."/>
        <min value="1"/>
        <max value="1"/>
        <type>
          <code value="CodeableConcept"/>
        </type>
        <mustSupport value="false"/>
        <isModifier value="false"/>
        <binding>
          <name value="QuestionnaireQuestionTextType"/>
          <isExtensible value="false"/>
          <description value="Categorizes the type of additional group text.  E.g. &quot;Tool tip&quot;, &quot;Help&quot;, &quot;Trailing text&quot;, &quot;Units&quot; etc."/>
          <referenceResource>
            <reference value="http://hl7.org/fhir/vs/questionnaire-question-text-type"/>
          </referenceResource>
        </binding>
      </definition>
    </element>
  </extensionDefn>
</Profile>