<?xml version="1.0" encoding="UTF-8"?>

<Profile xmlns="http://hl7.org/fhir">
  <text>
    <status value="generated"/><div xmlns="http://www.w3.org/1999/xhtml">to do</div>
  </text>
  <url value="http://hl7.org/fhir/Profile/us-core"/>
  <name value="United States Realm FHIR Profile"/>
  <publisher value="Fhir Core Team"/>
  <description value="Contains constraints and extensions to the FHIR specification specific to the US realm"/>
  <status value="draft"/>
  <date value="2013-12-03"/>
  <extensionDefn>
    <code value="race"/>
    <display value="A category of humans sharing history, origin or nationality"/>
    <contextType value="resource"/>
    <context value="Patient"/>
    <element>
      <path value="race"/>
      <definition>
        <short value="A category of humans sharing history, origin or nationality"/>
        <formal value="A code classifying the person into a named category of humans sharing common history, traits, geographical origin or nationality."/>
        <min value="0"/>
        <max value="1"/>
        <type>
          <code value="CodeableConcept"/>
        </type>
        <mustSupport value="false"/>
        <isModifier value="false"/>
        <binding>
          <name value="Race"/>
          <isExtensible value="false"/>
          <description value="A code classifying the person into a named category of humans sharing common history, traits, geographical origin or nationality."/>
          <referenceResource>
            <reference value="http://hl7.org/fhir/v3/vs/Race"/>
          </referenceResource>
        </binding>
      </definition>
    </element>
  </extensionDefn>
  <extensionDefn>
    <code value="ethnicity"/>
    <display value="A category of human sharing heritage"/>
    <contextType value="resource"/>
    <context value="Patient"/>
    <element>
      <path value="ethnicity"/>
      <definition>
        <short value="A category of human sharing heritage"/>
        <formal value="A code classifying the person into a named category of humans sharing a common real or presumed heritage."/>
        <min value="0"/>
        <max value="1"/>
        <type>
          <code value="CodeableConcept"/>
        </type>
        <mustSupport value="false"/>
        <isModifier value="false"/>
        <binding>
          <name value="Ethnicity"/>
          <isExtensible value="false"/>
          <description value="A code classifying the person into a named category of humans sharing a common real or presumed heritage."/>
          <referenceResource>
            <reference value="http://hl7.org/fhir/v3/vs/Ethnicity"/>
          </referenceResource>
        </binding>
      </definition>
    </element>
  </extensionDefn>
  <extensionDefn>
    <code value="county"/>
    <display value="Name of county"/>
    <contextType value="datatype"/>
    <context value="Address"/>
    <element>
      <path value="county"/>
      <definition>
        <short value="Name of county"/>
        <formal value="Name of county."/>
        <min value="0"/>
        <max value="1"/>
        <type>
          <code value="string"/>
        </type>
        <mustSupport value="false"/>
        <isModifier value="false"/>
      </definition>
    </element>
  </extensionDefn>
</Profile>